name,status,url,title,channel,duration_s,note
Machine Leg Extension,matched,https://youtu.be/4ZDm5EbiFI8,How To Do A Leg Extension,PureGym,14.0,
Cable Seated Row,matched,https://youtu.be/lJoozxC0Rns,How To Do A Seated Cable Row,PureGym,16.0,
Walking,no_match,,,,,
Machine Fly,matched,https://youtu.be/eGjt4lk6g34,How To Use The Chest Fly Machine,PureGym,16.0,
Machine Leg Press,matched,https://youtu.be/dhRz1Ns60Zg,How To Do Calf Raises On The Leg Press,PureGym,14.0,same video used for several exercises
Dumbbell Seated Shoulder Press,matched,https://youtu.be/SSXS4Z8OkCg,Seated Dumbbell Shoulder Press: Demonstration,StrengthLog,18.0,
Barbell Squat,matched,https://youtu.be/rrJIyZGlK8c,How To Do A Barbell Back Squat,PureGym,24.0,same video used for several exercises
Machine Seated Leg Curl,no_match,,,,,
Machine Shoulder Press,matched,https://youtu.be/GcY6TZxfS0k,How To Use The Shoulder Press Machine,PureGym,11.0,same video used for several exercises
Running,matched,https://youtu.be/v7o4xzeMri4,Running shorts without liner | PATH projects,Path Projects,13.0,
Machine Hip Abduction,matched,https://youtu.be/rPw4YiGiCvE,Axiom Series Dual Hip Abduction | Life Fitness,Life FitnessTraining,19.0,
Pull-Up,matched,https://youtu.be/VBTeVnPGkzE,HORIZONTAL PULL UP,Atomic Athlete,23.0,
Dumbbell One-Arm Row,matched,https://youtu.be/tDgQx0W1JP0,One arm dumbbell row (without bench),lepfitness n.s.,20.0,same video used for several exercises
Cable Tricep Pushdown (V-Bar),matched,https://youtu.be/6Fzep104f0s,Cable Triceps Pushdown,Renaissance Periodization,13.0,
Machine Leg Curl (Prone),no_match,,,,,
Barbell Deadlift,matched,https://youtu.be/yPqv3ejnZvc,How to do a Barbell Deadlift,National Academy of Sports Medicine (NASM),16.0,
Machine Reverse Fly,matched,https://youtu.be/ZZTf3KsL9WE,Reverse Fly Machine,Evolve Fitness,11.0,
Cable Lateral Raise,matched,https://youtu.be/Z5FA9aq3L6A,How To Do Cable Lateral Raises,PureGym,15.0,
Dumbbell Incline Curl,matched,https://youtu.be/aG7CXiKxepw,Incline Dumbbell Curl - OPEX Exercise Library,OPEX Fitness,16.0,
Machine Hip Adduction,matched,https://youtu.be/36EB4I915sU,Hammer Strength Select Hip Adduction,Hammer Strength,19.0,
Machine Seated Row,matched,https://youtu.be/Krq1dakeC-U,Seated Row Machine Row,OPEX Fitness,13.0,
Stability Ball Cross-Leg Crunch,no_match,,,,,
Dumbbell Single-Leg Fly (Stability Ball,no_match,,,,,
Stability Ball Quadricep Stretch,matched,https://youtu.be/rqNnfP6h6Pw,Flexibility - Quadricep (Thigh) Stretch with Stability Ball,iexerciseOfficial,25.0,
Stability Ball Back Stretch (Prone),no_match,,,,,
Stability Ball Side Stretch,no_match,,,,,
Dumbbell Incline One-Arm Press (Stability Ball),matched,https://youtu.be/631PCvXjU0Q,Bach Performance: One arm incline dumbbell Press,Eric Bach,28.0,same video used for several exercises
Barbell Snatch from Blocks,matched,https://youtu.be/NljsORR2mg0,Barbell Snatch From Blocks 2,Workouth,8.0,
Dumbbell Alternating Arnold Press (Stability Ball),matched,https://youtu.be/5UqZyJE4Gq8,"Alternating Dumbbell Arnold Press - Shoulder, Deltoid Exercise Workout",Brett Ferguson,21.0,
Push-Up to Box Jump,matched,https://youtu.be/tdGg4_rahls,Box Push Up Jump and Stick,GaglioneStrength,15.0,
Medicine Ball Decline One-Arm Overhead Throw,no_match,,,,,
Stability Ball Half Moon Stretch,no_match,,,,,
Stability Ball Side Bend,matched,https://youtu.be/L3HZjW4oRrU,Side Bend on stability ball,Gym visual,7.0,
Stability Ball Lat Stretch (Side lying),matched,https://youtu.be/rJZ40e_EXV4,Stability Ball Lat Stretch,James Kohler,22.0,
Stability Ball Hug,matched,https://youtu.be/qQdPwRnY8bg,Exercise ball hugs,OrthoSport HQ,19.0,
Bodyweight Sumo Squat,matched,https://youtu.be/jd8M2Vg05co,Sumo Squats | Bodyweight exercises,Mark Lauren,9.0,
Machine Bench Press,matched,https://youtu.be/O5viuEPDXKY,Smith Machine Bench Press,Renaissance Periodization,12.0,same video used for several exercises
Machine Ab Crunch,matched,https://youtu.be/W3CaxnLWzrg,Oblique Ab Crunch Machine,Chelsea Von Grat,12.0,
Plank,matched,https://youtu.be/3QZlgJ40LfU,Demonstration of a Forearm Plank,Hospital for Special Surgery,24.0,
Cable Bicep Curl,matched,https://youtu.be/bwGouvrXUD4,Exercise Tutorial - Unilateral Cable Bicep Curl,josh cowan,19.0,same video used for several exercises
Machine Seated Calf Raise,matched,https://youtu.be/2Q-HQ3mnePg,Seated Calf Raise Machine,OPEX Fitness,13.0,
Machine Calf Raise,matched,https://youtu.be/dhRz1Ns60Zg,How To Do Calf Raises On The Leg Press,PureGym,14.0,same video used for several exercises
Back Hyperextension,no_match,,,,,
Dumbbell Fly,matched,https://youtu.be/bgC53-J-6gA,How To Do A Dumbbell Floor Fly,PureGym,11.0,same video used for several exercises
Machine Lat Pulldown,matched,https://youtu.be/JGeRYIZdojU,How To Do A Lat Pulldown,PureGym,14.0,same video used for several exercises
Preacher Curl Machine,matched,https://youtu.be/Ja6ZlIDONac,Machine Preacher Curl,Renaissance Periodization,17.0,
Dumbbell Tricep Extension,no_match,,,,,
Dumbbell Shoulder Shrug,matched,https://youtu.be/yX5epCTa6mg,Dumbbell Shoulder Shrugs,Just Go Fitness,12.0,
Dumbbell Bulgarian Split Squat,matched,https://youtu.be/Fmjj7wFJWRE,Bulgarian Split Squat with Dumbbells,The Active Life,20.0,
Machine Incline Chest Press,matched,https://youtu.be/xqtmaivPMiw,HOW TO USE GYM MACHINES: Incline Chest Press,Gymleco,28.0,
EZ Bar Curl,matched,https://youtu.be/-gSM-kqNlUw,EZ Bar Curl - OPEX Exercise Library,OPEX Fitness,13.0,
Treadmill Running,no_match,,,,,
Road Cycling,no_match,,,,,
Calf Press On Leg Press,matched,https://youtu.be/dhRz1Ns60Zg,How To Do Calf Raises On The Leg Press,PureGym,14.0,same video used for several exercises
Dumbbell Shoulder Press,no_match,,,,,
Cable Cross-Over,matched,https://youtu.be/hhruLxo9yZU,How To Do A High to Low Cable Fly/ Cable Crossover,PureGym,12.0,
Barbell Military Press,matched,https://youtu.be/43GSKivZnw4,How To Do The Military Press,PureGym,23.0,same video used for several exercises
Cable Shoulder Extension,matched,https://youtu.be/5RPVxmxnLRA,How to do a Cable Triceps Extension with Shoulder Flexed,National Academy of Sports Medicine (NASM),23.0,
Elliptical Training,no_match,,,,,
Cable Front Lat Pulldown (Close Grip),no_match,,,,,
Dumbbell Lunge,matched,https://youtu.be/BvnVtpQkrHE,Dumbbell Static Lunge,Dr. Chris Pieton || Pelvic Floor PT,22.0,
Hack Squat,matched,https://youtu.be/rYgNArpwE7E,Hack Squat,Renaissance Periodization,14.0,
Barbell Preacher Curl,matched,https://youtu.be/acLV1OJuZUg,Barbell Preacher Curl - Biceps Workout,brothers strength,28.0,
Dumbbell Calf Raise,matched,https://youtu.be/SRUtMJ0tE2A,Dumbbell Calf Raises Tutorial,IronmasterPro,29.0,same video used for several exercises
Hanging Leg Raise,matched,https://youtu.be/Yrtvs-nEnk0,How To Do Hanging Leg Raises,PureGym,11.0,
Machine Assisted Pull-Up,matched,https://youtu.be/BOqrRMjxkj8,How To Machine Assisted Pull Up,Third Space London,11.0,
Dumbbell Incline Fly,matched,https://youtu.be/JSDpq14vCZ8,How To Do An Incline Dumbbell Fly,PureGym,16.0,same video used for several exercises
Barbell Shoulder Press,matched,https://youtu.be/t9GuiNQo1O4,How To Do The Landmine Shoulder Press,Ian Nimblett,16.0,
Cable One-Arm Tricep Pushdown,matched,https://youtu.be/R5CYN650Zls,One Arm Tricep Pushdown on Cable- Supinated Grip,FitNut,21.0,
Smith Machine Incline Bench Press,matched,https://youtu.be/GWPyAnB2K5I,Smith Machine Incline Bench Press,The Female Collective ,25.0,same video used for several exercises
Cable Lower Chest Raise,matched,https://youtu.be/7bL9GyLc7KY,How to do Cable Lower Chest Raise workout? lower cable fly | lower chest solution #push #shorts,Ravidahiya fitness journey,16.0,
Dumbbell Concentration Curl,matched,https://youtu.be/RFjAyUwHuQA,How To: Dumbbell Concentration Curl,AppDiggity,6.0,
Leg Raise,matched,https://youtu.be/qvi8aM02_GY,Straight Leg Raise,Health,27.0,
Leverage Machine Iso Row,matched,https://youtu.be/QEo_m-WTaUs,Leverage Iso Row,Musqle,25.0,
Weighted Pull-Up,matched,https://youtu.be/CQX8tDQdMlo,Easier Setup For Weighted Pull Ups,Testosterone Nation,18.0,
Dumbbell Side Bend,matched,https://youtu.be/ltVi1F5SBkE,How to: Dumbbell Side Bends,Rachel Scheer,25.0,
Cable Mid Chest Crossover,matched,https://youtu.be/vsbYFIU_Quk,Cable Crossover Mid Finish (Training video 4 you) chest work,trainingvideo4you,21.0,
Dumbbell Incline Bench Row,matched,https://youtu.be/Ih13PJnikao,Incline bench row,Gym Workout,19.0,
T Bar Row,matched,https://youtu.be/hYo72r8Ivso,How To Do T Bar Rows (Landmine Rows),PureGym,11.0,same video used for several exercises
Dumbbell Squat,matched,https://youtu.be/hZI8Yy5elZs,How to do a Dumbbell Front Squat | Proper Form & Technique | NASM,National Academy of Sports Medicine (NASM),25.0,
Dumbbell One-Arm Preacher Curl,matched,https://youtu.be/Sn6flwZ5EWk,One Arm Dumbbell Preacher Curl,fitnessresults1,14.0,
Cable V Bar Pulldown,matched,https://youtu.be/gNFMkFL5yPQ,V-Bar Cable Lat Pulldown Machine,OPEX Fitness,15.0,
Cable Leg Kickback,no_match,,,,,
Machine Dip,matched,https://youtu.be/cz6LTUYCSt0,"Chest, Shoulder, and Tricep Exercises: Dip Machine",Biohacking Bombshell with Allyssa LaScala,27.0,
Barbell Shrug,matched,https://youtu.be/larn3Asl6oM,How To Do Barbell Shrugs,PureGym,11.0,
Dumbbell Seated Side Lateral Raise,matched,https://youtu.be/g_7iXXBrCkY,How to Seated Dumbbell Side Lateral Raise with Hunter Labrada | Exercise Guide,Bodybuilding.com,17.0,
Machine Inner Chest Press,matched,https://youtu.be/Qnm83T1P3Jk,Machine Chest Press- Inner Chest,Aesthetic Physiques,10.0,
Stationary Bike,no_match,,,,,
Barbell Upright Row,matched,https://youtu.be/FMhKUd0BlB4,Barbell Upright Rows,The Barbell Physio,13.0,
Machine Tricep Extension,matched,https://youtu.be/Bx8ga1BLHLE,Machine Triceps Extension,Renaissance Periodization,12.0,
Step Machine,no_match,,,,,
Machine Deltoid Raise,matched,https://youtu.be/RkFVDCZRups,Deltoid Raise Machine,kramallev,22.0,
Smith Machine Squat,matched,https://youtu.be/zZj-ibOLJHs,How To Do Smith Machine Hack Squats,PureGym,12.0,same video used for several exercises
Decline Crunch,matched,https://youtu.be/jYyA_6UR2lw,Decline Crunch,Gym visual,7.0,
Parallel Bar Leg Raise,matched,https://youtu.be/Xg6lP1zsq_E,Abdominal Exercises -- Vertical Leg-Hip Raise -- Parallel Bars,Fitnessyard,16.0,
Dumbbell Reverse Fly,matched,https://youtu.be/zlfisQZSxU0,Reverse Dumbbell Fly,Women's Strength Nation by Holly Perkins,22.0,same video used for several exercises
Cable One-Arm Lat Pulldown,no_match,,,,,
Machine Single-Leg Extension,matched,https://youtu.be/U0tcA7b4c3k,Single Leg Leg Extension Machine,OPEX Fitness,11.0,
Rowing,no_match,,,,,
Dumbbell Deadlift,matched,https://youtu.be/plb5jEO4Unw,COMPOUND EXERCISES - How to do a Dumbbell Deadlift,PureGym,24.0,
Machine Calf Press,matched,https://youtu.be/DuOiuPwiZKY,Calf Raises on Leg Press Machine,My PT Hub,18.0,
Leverage Incline Chest Press,matched,https://youtu.be/ijOS9-7yIug,How To Do A Leverage Incline Chest Press,Steroid Source Talk,23.0,
Dumbbell Hammer Curl (Cross Body),matched,https://youtu.be/CFBZ4jN1CMI,How to do a Dumbbell Hammer Curl,National Academy of Sports Medicine (NASM),19.0,
Machine Back Extension,matched,https://youtu.be/HAS0dQ8O3-U,Life Fitness Back Extension Machine,Marshall Recreation Center,26.0,
Air Bike,matched,https://youtu.be/RF1Bc-5POSo,Simon on the air bike,Vicki Martin,10.0,
Cable Reverse Fly,matched,https://youtu.be/5aMpvA1eoN4,Cable reverse fly full technique,Brendan Falconer,26.0,
Dumbbell Reverse Lunge,matched,https://youtu.be/MpfeGnBFEo8,Dumbbell Reverse Lunge Tutorial,IronmasterPro,28.0,
Smith Machine Bench Press,matched,https://youtu.be/O5viuEPDXKY,Smith Machine Bench Press,Renaissance Periodization,12.0,same video used for several exercises
Dumbbell Walking Lunge,matched,https://youtu.be/OjBR1W4iQx0,Dumbbell Walking Lunge,Testosterone Nation,20.0,
EZ Bar Decline Close Grip Skull Crusher,matched,https://youtu.be/9LdvNiNOa7U,O-B FIT. Triceps Exercise. Skull Crusher & Close Grip E-Z Bar Chest Press,O-B Fit,21.0,
Dumbbell Seated Tricep Press,matched,https://youtu.be/Y9EISeh1KuM,Seated dumbbell tricep press,Truetolifefitness.com,14.0,
Machine Leg Press (Wide Stance),matched,https://youtu.be/dhRz1Ns60Zg,How To Do Calf Raises On The Leg Press,PureGym,14.0,same video used for several exercises
Cable Wood Chop,matched,https://youtu.be/iWxTGXIViro,Cable Woodchopper,Ekspert Sports Performance,12.0,
Dumbbell Step-Up,matched,https://youtu.be/9ZknEYboBOQ,Dumbbell Step-up - How To,Bobby Maximus,25.0,
Cable One-Arm Seated Row,matched,https://youtu.be/PFGa5_PvgVQ,Seated One Arm Row   Cable,FlowFit,11.0,
Smith Machine Shoulder Press,matched,https://youtu.be/GcY6TZxfS0k,How To Use The Shoulder Press Machine,PureGym,11.0,same video used for several exercises
Bench Dip,matched,https://youtu.be/larQGD02ndE,Bench Dips,Team Training Day,10.0,
Barbell Row,matched,https://youtu.be/bm0_q9bR_HA,How to do a Barbell Bent Over Row Pronated,National Academy of Sports Medicine (NASM),19.0,
Dumbbell Rear Delt Row,matched,https://youtu.be/t-llLcNvsro,Rear Delt Dumbbell Row,Shannon Billows Fitness,11.0,
Indoor Cycling,matched,https://youtu.be/D1Xu7Lr0R60,Indoor cycling with me 🎖,Spinning instructor Rafael Antonio,20.0,
Dumbbell Wrist Curl (Palms Up),matched,https://youtu.be/2wPpcJBe03o,Dumbbell Bench Wrist Curl,Renaissance Periodization,13.0,same video used for several exercises
Cable Pallof Press with Rotation,matched,https://youtu.be/7Ry_KoNpt7o,Ottawa Personal Trainer: Cable Anti-Rotation (Pallof) Press,customstrength,24.0,
Machine Assisted Dip,matched,https://youtu.be/RABuuVuFrUY,Assisted Machine Tricep Dips,WatchFit,19.0,
Weighted Tricep Dip,matched,https://youtu.be/fjcbsSnrjKc,Weighted Tricep Dips,My PT Hub,14.0,
Machine Reverse Lat Pulldown (Close Grip),matched,https://youtu.be/SNiwpA13ZLU,How To Do A Reverse Grip Lat Pulldown,PureGym,16.0,
Machine Seated Tricep Dip,matched,https://youtu.be/Y1J8MXYBTQM,Seated Dips - Machine Dips - Tricep Exercise,MCiz Fitness,26.0,
EZ Bar Tricep Extension,matched,https://youtu.be/a6wtHEbcORQ,How To Do Underhand Tricep Extension EZ Bar,TJE Performance,23.0,same video used for several exercises
Hanging Knee Raise,matched,https://youtu.be/l7OroezzX9k,Hanging Knee Raise Tutorial - Proper Form and Technique,Runna,23.0,same video used for several exercises
Leverage Chest Press,matched,https://youtu.be/n3Xp2-RYKjk,How To Do A Leverage Chest Press,Steroid Source Talk,22.0,
Machine Single-Leg Press,matched,https://youtu.be/Wr6Bik6Lrp4,Leg Press Machine Single Leg Calf Raises,OPEX Fitness,13.0,
Leverage Decline Chest Press,matched,https://youtu.be/4o7Hcwz6vXk,"Leverage Decline Chest Press: Chest, Pec Exercise Demo How-to",FitSW Fitness Software,13.0,
Cable External Rotation,matched,https://youtu.be/X-JP6sJTZAI,Cable Shoulder External Rotation,E3 Rehab Exercise Library,26.0,
Cable Upright Row,matched,https://youtu.be/WNz7O59GORA,How To Do Cable Upright Rows,PureGym,16.0,same video used for several exercises
Barbell Ab Rollout (Kneeling),matched,https://youtu.be/8CIm5KBLInA,Barbell Core&Upper Body Exercise: Barbell Knee Ab Rollouts,Dalibor Petrinic,19.0,
Weighted Crunch,matched,https://youtu.be/6L5GptvvQaU,Weighted Crunch,OracleFitness,23.0,
Barbell Front Squat,matched,https://youtu.be/Q1Ypb8ZNzI4,How To Do A Barbell front squat,PureGym,14.0,
Dumbbell One-Arm Tricep Extension,matched,https://youtu.be/0SfJvAJMc70,"One Arm Supinated Dumbbell Triceps Extension: Arms, Tricep Exercise Demo How-to",FitSW Fitness Software,15.0,same video used for several exercises
Leverage Machine High Row,matched,https://youtu.be/HCLC4wofXTU,Leverage Machine Mastery： A Guide to Lever High Row Exercise 05811201 Lever High Row plate loaded Ba,Hugo Maturana,7.0,
Dumbbell Wrist Curl (Palms Down),matched,https://youtu.be/2wPpcJBe03o,Dumbbell Bench Wrist Curl,Renaissance Periodization,13.0,same video used for several exercises
Dumbbell Deep Push-Up,matched,https://youtu.be/r5Q7vgoiriU,Dumbbell feet elevated 1+1/4 deep push up,Valerio Balestri,29.0,
Bench Weighted Decline Crunch,matched,https://youtu.be/EtH_zD5_dgk,How To Do: Weighted Crunch - Decline Bench | Ab Workout Exercise,Fitway - Workout Trainer,24.0,
Barbell Reverse Curl,matched,https://youtu.be/8DmRsmvHhss,Reverse Curls With Barbell,Chunk Fitness,25.0,
Dumbbell Upright Row,matched,https://youtu.be/Rd5AsxOGqss,How To Do Dumbbell Upright Rows,PureGym,16.0,
Barbell Lunge,matched,https://youtu.be/aWBiR5gSEes,Barbell Lunge Exercise,Critical Bench Compound,19.0,
Barbell Tricep Extension (Supine),matched,https://youtu.be/jZEnlrNh4Rg,Barbell Tricep Extensions from the Floor,Testosterone Nation,14.0,same video used for several exercises
Barbell Landmine Kneeling One-Arm Press,matched,https://youtu.be/THlCDeLL0HQ,Half-Kneeling One-Arm Landmine Press,Girls Gone Strong | Women's Health & Fitness,8.0,
Cable Reverse Curl,matched,https://youtu.be/KHC9toCk_j0,Cable Reverse Curl,Uplift Fitness,16.0,
Cable One-Arm Reverse Fly,matched,https://youtu.be/64A8HodRTSY,One Arm Cable Reverse Fly,Reps -id,25.0,
Barbell Military Press (Seated),matched,https://youtu.be/43GSKivZnw4,How To Do The Military Press,PureGym,23.0,same video used for several exercises
Cable Rope High Pulley Tricep Extension,matched,https://youtu.be/fWEg_zamRmY,Rope High Pulley Tricep Extension (www.trainatp.com),gshinoskie,26.0,
"Dumbbell Tricep Extension (Floor, Supine)",matched,https://youtu.be/sTULdX4lgS8,High Blood Pressure Prevention Short Video Preview (Dumbbell Tricep Extension) #shorts,Andy Brown,16.0,same video used for several exercises
Cable Tricep Kickback,matched,https://youtu.be/xhUcI2wiiRQ,How To: Cable Tricep Kickback,AppDiggity,5.0,
Chin-Up (Close Grip),matched,https://youtu.be/2un9lmE62Kg,How To: Chin Up Jawline Exercise,Live Lean TV Daily Exercises,27.0,same video used for several exercises
Kettlebell Single-Leg Deadlift,matched,https://youtu.be/VnHvZtV8Gz0,Single Leg Single Kettlebell Deadlift,Functional Bodybuilding,15.0,
Cable Incline Fly,matched,https://youtu.be/7SqnWtgrFZQ,Incline Cable Fly - OPEX Exercise Library,OPEX Fitness,13.0,same video used for several exercises
Dumbbell Tricep Extension (Supine),matched,https://youtu.be/sTULdX4lgS8,High Blood Pressure Prevention Short Video Preview (Dumbbell Tricep Extension) #shorts,Andy Brown,16.0,same video used for several exercises
Dumbbell Plie Squat,matched,https://youtu.be/1mYbJgANqIc,Plie Squat With Dumbbell,MyBrideBodDotCom,24.0,
Dumbbell Incline Hammer Curl,matched,https://youtu.be/1Z6XiaBxwHQ,Incline Dumbbell Hammer Curl - OPEX Exercise Library,OPEX Fitness,14.0,same video used for several exercises
Bodyweight Lunge,matched,https://youtu.be/gV1i6xY3Ah4,Bodyweight Squat-Lunge Combo,Outright Fitness and Performance,18.0,
Parallel Bar Hip Raise,matched,https://youtu.be/YqRJl-iqz1g,Knee Hip Raise On Parallel Bars   Exercise Videos & Guides   Bodybuilding com,Fatih Arslan,21.0,
Dumbbell Farmers Carry,matched,https://youtu.be/Pvm5omaqlz4,How to | Dumbbell Farmers Carry Hold,Mayhem Athlete,11.0,
Cable Front Raise,matched,https://youtu.be/vtH93qBItdk,How To Do A Cable Front Raise,PureGym,16.0,
Dumbbell Seated Bent-Over Reverse Fly,matched,https://youtu.be/B_u8JvcV0OA,Bent Over Dumbbell Reverse Fly (seated),Chalk Fitness,22.0,
Swimming,no_match,,,,,
Chin-Up with Knee Raise,matched,https://youtu.be/sRNSYSNN3RU,Plyometric Chin-ups with a Knee Raise,Chad Howse,8.0,
Smith Machine Shrug,matched,https://youtu.be/neaXG4eRoP4,How To Do Smith Machine Shrug,TJE Performance,18.0,
Alternating Heel Touch,matched,https://youtu.be/1E4mJcRgrhs,Alternating Heel Touches,My PT Hub,13.0,
Barbell Deep Squat,matched,https://youtu.be/enThal66tUs,The Deep Squat Rotation (Mobility Exercise) By Squat University,Squat University,28.0,
Machine Kneeling Leg Curl,matched,https://youtu.be/O3Rtu2jvRM4,23-Kneeling Leg Curl Tutorial,Paul's Muscle Mecca,21.0,
Cable Deltoid Raise,no_match,,,,,
Dumbbell Stiff-Leg Deadlift,matched,https://youtu.be/KE2A7G_nDc8,Dumbbell Stiff Leg Deadlift Tutorial,IronmasterPro,27.0,
Leverage Shoulder Press,matched,https://youtu.be/tni4vtn817o,My PT Hub Exercise Library - Leverage Shoulder Press,My PT Hub,17.0,
Barbell Skull Crusher (Reverse Grip),matched,https://youtu.be/l3rHYPtMUo8,Barbell Skullcrusher,Renaissance Periodization,14.0,
Cable Crunch,matched,https://youtu.be/ToJeyhydUxU,Cable Crunch: Do It Right!,Testosterone Nation,26.0,
Cable One-Arm Tricep Extension,matched,https://youtu.be/NvfFTF_v76c,Cable One Arm Tricep Extension - How To,I'll Pump You Up,24.0,same video used for several exercises
Bridge,matched,https://youtu.be/B7kTkXDIMuE,How to Do a Supine Bridge Exercise | 30 Seconds | MedBridge,Medbridge,27.0,
Cable Bicep Curl (Close Grip),matched,https://youtu.be/bwGouvrXUD4,Exercise Tutorial - Unilateral Cable Bicep Curl,josh cowan,19.0,same video used for several exercises
Cable Grip Lat Pulldown (Narrow Grip),matched,https://youtu.be/j1fxEsUZE5U,Narrow Grip Lat Pulldown — Quick Technique Demo,Fitness By Physio,11.0,
Barbell Bulgarian Split Squat,matched,https://youtu.be/vLo49m8GUo4,Barbell Bulgarian Split Squat,Sports Rehab Consulting,16.0,
EZ Bar Preacher Curl (Close Grip),matched,https://youtu.be/sxA__DoLsgo,EZ Bar Preacher Curl,Renaissance Periodization,15.0,same video used for several exercises
Barbell Tricep Extension,matched,https://youtu.be/jZEnlrNh4Rg,Barbell Tricep Extensions from the Floor,Testosterone Nation,14.0,same video used for several exercises
Cable High Pulley Tricep Extension,no_match,,,,,
Seated Leg Tuck,matched,https://youtu.be/s_H1ByzX2vQ,Seated Leg Tucks   Exercise Videos & Guides   Bodybuilding com,how to lose weight with the keto diet,21.0,
Cable Rope Seated Row,matched,https://youtu.be/UdSzuSdanRo,Seated Rope Cable High Row,Figarelle's Fitness,25.0,
Machine Leg Press (Narrow Stance),matched,https://youtu.be/dhRz1Ns60Zg,How To Do Calf Raises On The Leg Press,PureGym,14.0,same video used for several exercises
Cable Straight Arm Crossover,no_match,,,,,
Cable Pullover (Supine),matched,https://youtu.be/dLCwFpKBuDY,Cable Pullover - Gym Exercise,Power Plus GYM,22.0,
Dumbbell Seated One-Arm Tricep Extension,matched,https://youtu.be/2i2UkUYb_Iw,One-Arm (Supinated) Dumbbell Tricep Extension,My PT Hub,17.0,same video used for several exercises
Dumbbell Inner Bicep Curl,matched,https://youtu.be/z8I2CohTic8,How To Get Big Biceps: Inner Bicep Curls,WeightLiftingInfo,22.0,
Dumbbell Alternating Incline Curl,matched,https://youtu.be/PIdsj1v3fmA,Alternating Incline Dumbbell Hammer Curl - OPEX Exercise Library,OPEX Fitness,14.0,same video used for several exercises
Cable Internal Rotation,matched,https://youtu.be/C_-CN1iji3c,Cable Internal Rotation - Exercise Demo,Pike Fitness,18.0,
Machine Squat,no_match,,,,,
Field Sports,no_match,,,,,
Weighted Side Bend,matched,https://youtu.be/EuBm1n1RQVU,Weighted Plate Side Bends,Global Fitness Training,13.0,
Cable Rear Pulldown (Wide Grip),no_match,,,,,
Machine Iso Lateral High Row,matched,https://youtu.be/UDd5rTtNut8,Iso Lateral High Row - Machine,Adrian Allen,20.0,
Yoga,no_match,,,,,
Outdoor Hiking,no_match,,,,,
Barbell Wrist Curl (Posterior),matched,https://youtu.be/3VLTzIrnb5g,How To Do Wrist Curls,PureGym,16.0,
Machine Bicep Curl (Reverse Grip),matched,https://youtu.be/rwo-3PTM8U4,Hammer Strength Select Biceps Curl,Hammer Strength,27.0,
Barbell Bicep Curl (Wide Grip),no_match,,,,,
Machine T Bar Reverse Row,matched,https://youtu.be/Vdc85ZF2eDk,Lever Reverse T Bar Row Back Exercise,Genemedics Health Institute,26.0,
Machine Lat Pulldown (Reverse Grip),matched,https://youtu.be/JGeRYIZdojU,How To Do A Lat Pulldown,PureGym,14.0,same video used for several exercises
Dumbbell Press (Close Grip),matched,https://youtu.be/T0Y3OBF1bNI,How To Do A Dumbbell Floor Press,PureGym,12.0,
Arm Circles,matched,https://youtu.be/UVMEnIaY8aU,Arm Circles Exercise,Sworkit,27.0,
Weight Plate Front Raise,matched,https://youtu.be/lQ7-wDYTdP4,Shoulder Exercises -- Weight Plate Front raise,HealthyLife,23.0,
Pull-Up (Hammer Grip),matched,https://youtu.be/zHSISE5HDxw,Pull ups 😜😜 gym lover shorts videos #shorts #trending #youtube #youtubeshorts #gaming #love,Aashu Malik manglauri ,16.0,
Smith Machine Bent-Over Row,matched,https://youtu.be/3_PeX9e9aCM,Smith Machine Bent Over Rows,My PT Hub,20.0,same video used for several exercises
Cable Pulldown (Underhand),matched,https://youtu.be/jYIWugY50nk,Cable Pulldown,Atomic Athlete,12.0,
Machine Single-Leg Curl,matched,https://youtu.be/N6FVnaasdq0,Single Leg Leg Curl,Renaissance Periodization,11.0,
Recumbent Bike,matched,https://youtu.be/Acg99yQZsXg,Hands On: Exercise Bike Review - Schwinn 270 Recumbent Bike Test Ride,Hands On,29.0,
Barbell Sumo Squat,matched,https://youtu.be/F6NCSkQ9y34,How To ♥️BARBELL SUMO SQUAT♥️🏋️. @pklifestyleshorts7922,PK lifestyle shorts,27.0,
Machine Vertical Row (Close Grip),matched,https://youtu.be/jBlunMD5MZs,Vertical Row Machine How-To,Raintree Athletic Club,23.0,same video used for several exercises
Cable Upper Chest Crossover,no_match,,,,,
Dumbbell Bench Press (Palms in),matched,https://youtu.be/ZaDlbm8E8Tg,Dumbbell Bench Press - OPEX Exercise Library,OPEX Fitness,12.0,same video used for several exercises
Jump Rope,matched,https://youtu.be/Era6Bsiwv50,Jumping Squats Variation | Advanced Jump Rope| Devashish Sharma| #Shorts #Jumprope #tricks #skills, Devashish Sharma Vlogs,26.0,
Cable Upper Row,matched,https://youtu.be/bM_qDVwnKTc,DUAL D HANDLE CABLE ROW (UPPER BACK FOCUS),jack bennett,24.0,
Dumbbell Reverse Bicep Curl,matched,https://youtu.be/X5df_LHBVKQ,How To Do Reverse Curls (Pronated Bicep Curl),PureGym,10.0,
Glute Kickback (Kneeling),matched,https://youtu.be/dU1R-AHW4IM,How To: Cable Glute Kickback,Kia Khadem,27.0,
Oblique Crunch,matched,https://youtu.be/98eX0ndm7Z4,How to do an oblique crunch,Rehab My Patient,24.0,
Leverage Machine Shrug,matched,https://youtu.be/_Jv1wNEZW6Q,Nautilus Leverage Deadlift Shrug | Core Health and Fitness,Startrac Fitness India ,25.0,
Smith Machine Upright Row,matched,https://youtu.be/QIpa-9dtkgA,Smith Machine Upright Row,Renaissance Periodization,12.0,
Cable Rope Lat Pulldown,matched,https://youtu.be/VqSsnPSpHOU,Cable Rope Lat Pulldown,OPEX Fitness,13.0,
Dumbbell Wood Chop,matched,https://youtu.be/NYQpxPyIOD0,Dumbbell Wood Chop Low High L | Dumbbell Exercises,Dumbbell Exercises,8.0,
Cat Cow Stretch,matched,https://youtu.be/LIVJZZyZ2qM,Cat - Cow Stretch,Dr. Dawn,15.0,same video used for several exercises
Dumbbell Hamstring Curl,matched,https://youtu.be/z6MvXsikOk0,How To Do Dumbbell Hamstring Curls,PureGym,11.0,
Hack Calf Raise,matched,https://youtu.be/Cce8LrfoheY,How to Do Hack Squat Calf Raises,Mike P,25.0,
Dumbbell Incline Tricep Extension,matched,https://youtu.be/1lIJuNLRM98,How To Do An Incline Dumbbell Triceps Extension | Exercise Guide,Bodybuilding.com,23.0,
Cable Wrist Curl,matched,https://youtu.be/WVAaKJvToe0,Cable Wrist Curl,Renaissance Periodization,12.0,same video used for several exercises
Cable Shrug,matched,https://youtu.be/YykmcX2b-LY,Cable Shrug,Renaissance Periodization,9.0,
Bench Push-Up,no_match,,,,,
Barbell Wrist Curl (Palms Up),matched,https://youtu.be/x4eif6YBwtE,Exercise Videos- Barbell Wrist Curl,HyperStrike28,21.0,
Dumbbell Rear Deltoid Row,no_match,,,,,
Smith Machine Bulgarian Split Squat,matched,https://youtu.be/wmfPdzqwbIY,How to: Bulgarian Split Squat - Smith Machine,SATS Nordic,11.0,same video used for several exercises
Cable Deadlift,matched,https://youtu.be/nXa6-tzz-Ng,How To Do: Cable Deadlift | Leg Workout Exercise,Fitway - Workout Trainer,25.0,
Push-Up (Close Hand),matched,https://youtu.be/WDIpL0pjun0,How to do a Push-Up | Proper Form & Technique | NASM,National Academy of Sports Medicine (NASM),14.0,same video used for several exercises
Elevated Push-Up,matched,https://youtu.be/J21Glo_IuCI,How To : Feet Elevated Push Ups,HOME WORKOUT STUDIO,19.0,
Bench Leg Raise (Supine),matched,https://youtu.be/OKS-clRiXAI,Bench Leg Raises ‐ Quick Instructional Video,IKON Fitness,29.0,
Hack Squat (Reverse Position),matched,https://youtu.be/scs5XcsZuc8,How To Do Hack Squats On The Hack Squat Machine,PureGym,25.0,same video used for several exercises
Dumbbell Hammer Curl to Press,matched,https://youtu.be/b-6PsVq9nEU,Dumbbell Hammer Curl To Press,Functional Bodybuilding,16.0,
Pelvic Tilt to Glute Bridge,matched,https://youtu.be/olqU_WZyRSU,Glute Bridge with Pelvic Tilt,Foundation Academy: Strength & Conditioning TN,28.0,
Weighted Trunk Rotation,matched,https://youtu.be/A5mNrmjR6vA,WEIGHTED TRUNK ROTATION GOLF,Luiz Balcers,24.0,
Band Cross-Over,matched,https://youtu.be/i5FBrmyt0wQ,1-Leg Band Crossover,BSR Physical Therapy,29.0,
Prisoner Squat,matched,https://youtu.be/UYbsgiiZgao,How to do a Prisoner Squat  | Proper Form & Technique | NASM,National Academy of Sports Medicine (NASM),19.0,
Dumbbell 3 Way Shoulder Raise,matched,https://youtu.be/BSpUNB4I6OA,Onnit Tutorials | Dumbbell 3-Way Shoulder Raise Exercise,Onnit,18.0,
Dumbbell Rotational Curl,matched,https://youtu.be/5FeMVdb2iWE,Dumbbell Rotational Curl,Performance Course,10.0,
Dumbbell Incline Bench Press (Hammer Grip),matched,https://youtu.be/jMQA3XtJSgo,Incline Dumbbell Bench Press - OPEX Exercise Library,OPEX Fitness,13.0,same video used for several exercises
Cable One-Arm Row,no_match,,,,,
Smith Machine Deadlift,matched,https://youtu.be/0cB0_SzqgBU,How To: Smith Machine Stiff-Legged Deadlift,MenoMojo,17.0,
Cable Incline Bicep Curl,matched,https://youtu.be/XVQBeug_9LU,How To Do Incline Bicep Curls,PureGym,10.0,
Hack Squat (Narrow Stance),matched,https://youtu.be/scs5XcsZuc8,How To Do Hack Squats On The Hack Squat Machine,PureGym,25.0,same video used for several exercises
Bench Hip Thrust,matched,https://youtu.be/42GAiTNacp0,Hip Thrust Platform Bench - Sidea Fitness,Sidea Fitness,28.0,
Scissor Kick,matched,https://youtu.be/aqMfWavH2X4,How To Do A SCISSOR KICK | Exercise Demonstration Video and Guide,Live Lean TV Daily Exercises,24.0,
Dumbbell One-Arm Lateral Raise,matched,https://youtu.be/D5Ip5TGtnWg,Shoulder Exercise - One Arm Dumbbell Lateral Raise Exercise,WarGym Tanda,6.0,
Dumbbell Alternating Preacher Curl,matched,https://youtu.be/kuQGbi1eYRU,Alternating Dumbbell Preacher Curls,My PT Hub,18.0,same video used for several exercises
Cable Elevated Row,no_match,,,,,
Dynamic Chest Stretch,matched,https://youtu.be/uqVbE135geY,Dynamic Chest Stretch by Cult Fit | Dynamic Stretching | Warm Up Exercises| Cult Fit | Cure Fit,wearecult,29.0,
Jumping Jacks,matched,https://youtu.be/uLVt6u15L98,How to do a Jumping Jack  | Proper Form & Technique | NASM,National Academy of Sports Medicine (NASM),14.0,
Barbell Seated Press,matched,https://youtu.be/TbILTPsqGoo,How To Seated Barbell Strict Press,Third Space London,14.0,
Superman,matched,https://youtu.be/g0Kr9Wd3CeQ,"Superman Hold Exercise | Form, Tips & Common Mistakes",FIT.nl,16.0,
Barbell Incline Bench Row,matched,https://youtu.be/l6Gi5rg0g-A,"Fitness Inc, Personal Training | Incline Bench Barbell Row",FRED WHITE Personal Training,11.0,
Machine Inverted Row,matched,https://youtu.be/hnVkRylmY04,Smith Machine Inverted Row,The Female Collective ,17.0,same video used for several exercises
Smith Machine Reverse Calf Raise,matched,https://youtu.be/sO1z-zhWG_E,Smith Machine Reverse Calf Raises   Exercise Videos & Guides   Bodybuilding com,how to lose weight with the keto diet,20.0,
Kettlebell Farmer's Carry,matched,https://youtu.be/Rj_HF9SHwe8,Farmer's Carry with Kettlebells,Girls Gone Strong | Women's Health & Fitness,26.0,
Barbell Calf Raise,matched,https://youtu.be/eJagmFMaL7I,BARBELL CALF RAISE,Strong With Stef,18.0,
Dual Cable Triceps Extension,matched,https://youtu.be/kWaYXzzehOY,Dual Cable Crossed Triceps Extension,Opus Body Lab,28.0,
Leg Pull-In,matched,https://youtu.be/4M9WAcIbLFE,Leg Pull Ins,Tampa Strength,20.0,
Tricep Push-Up,matched,https://youtu.be/4UXZtR-rIoY,Tricep Extension Push Up  | Fitter in :15 | ASICS,ASICS,15.0,
Cable Reverse Crossover,matched,https://youtu.be/qZlDovba6ik,How to: Reverse Cable Crossover,SATS Nordic,8.0,
Dumbbell Bent-Over Row (Palms in),matched,https://youtu.be/6gvmcqr226U,How To Do A Dumbbell Bent Over Row,PureGym,16.0,same video used for several exercises
Shoulder Stretch,no_match,,,,,
Machine Assisted Chin-Up,matched,https://youtu.be/EfDjbPFSb9w,Mastering Pull-Ups: Machine-Assisted Technique Short Tutorial,Strong and Safe Fitness,26.0,
Push-Up (Wide Hand),matched,https://youtu.be/WDIpL0pjun0,How to do a Push-Up | Proper Form & Technique | NASM,National Academy of Sports Medicine (NASM),14.0,same video used for several exercises
Dumbbell Seated Wrist Curl,matched,https://youtu.be/3rsKOL8scsU,Seated Dumbbell Palms-Up Wrist Curl,My PT Hub,14.0,same video used for several exercises
Barbell JM Press,matched,https://youtu.be/CdY-udsR2Mw,Barbell JM Press Exercise,PLAE,11.0,
Cross Body Crunch,matched,https://youtu.be/_w7ECPka6jk,Cross Body Crunch (Abs Workout),Global Fitness Training,11.0,
One-Arm Hang,matched,https://youtu.be/6HGqLR9qrcI,One-Arm Dead Hang |  By MovNat,MovNat,22.0,
Cable One-Arm High Curl,no_match,,,,,
Barbell Overhead Tricep Extension,matched,https://youtu.be/q5X9thiKofE,Barbell Triceps Overhead Extension,Renaissance Periodization,11.0,
Cable Dual Overhead Curl,no_match,,,,,
Bodyweight Side Lunge,no_match,,,,,
Weight Plate Rotation,matched,https://youtu.be/hk4FH8bKPk8,Weight Plate Rotation,Impact Fitness Oakland,12.0,
Jackknife Sit-Up,matched,https://youtu.be/oBahbD0Xh0k,Abs Exercises - JACKKNIFE SIT UP,I am Workoutic,25.0,
Smith Machine Split Squat,matched,https://youtu.be/wmfPdzqwbIY,How to: Bulgarian Split Squat - Smith Machine,SATS Nordic,11.0,same video used for several exercises
Cable Side Bend,matched,https://youtu.be/ykbAuxIDFiU,Obliques Cable Side Bend,Fit Gent,15.0,
Mountain Biking,no_match,,,,,
Weighted Hanging Knee Raise,matched,https://youtu.be/EUlYHwZoKfY,Weighted Hanging Knee Raise,Boulder Athletics,20.0,
Cable Rope Deltoid Row,no_match,,,,,
Quadricep Stretch,matched,https://youtu.be/kn6bj3MPZqs,Quadriceps Stretch,BC Chiropractic Association,25.0,
Dumbbell Single-Leg Cobra,matched,https://youtu.be/NmkqBhheGFM,How to do a Single-Leg Cobra to Hip Extension,National Academy of Sports Medicine (NASM),19.0,
Machine Hammer Curl,matched,https://youtu.be/XOEL4MgekYE,Hammer Curl,Renaissance Periodization,14.0,
Pendlay Row,matched,https://youtu.be/Wv7f0uIKh8o,How To Do A Pendlay Row,PureGym,11.0,
Machine Single-Leg Calf Press,matched,https://youtu.be/ugbEAgq47DI,"Calf Press in Leg Press Machine, Single Leg (calf exercise)",Affordable Workout Plans,17.0,
Dumbbell Hammer Shoulder Press,no_match,,,,,
EZ Bar French Press,matched,https://youtu.be/HtVsCD_j6Z4,Exercise First: EZ Bar French Press,Nicholas Matthes,22.0,same video used for several exercises
Plank with Shoulder Taps,matched,https://youtu.be/2SaHeEggeBY,Core Exercise for Low Back Pain! | Plank with Shoulder Taps,RehabFix,29.0,
Dumbbell Alternating Deltoid Raise,matched,https://youtu.be/GQTd82H75FM,Dumbbell alternating anterior deltoid raise,Aaron Agnew,12.0,
Dumbbell Prone Incline Shrug,matched,https://youtu.be/VELsYz89GnM,Dumbbell Incline Laying Prone Shrug Demo,AtYourDoorPT Alex,24.0,
Hip Extension (Standing),no_match,,,,,
Dumbbell Preacher Curl,matched,https://youtu.be/Zbs3ko8ycyg,How To Do Preacher Curls,PureGym,19.0,
Dumbbell Around the World,matched,https://youtu.be/LvVxHQOyiO4,BODY CULTURE - HOW TO: ALL AROUND THE WORLD DUMBBELL FLYS,Body Syndicate,25.0,
Box Jumps,matched,https://youtu.be/k7dmYdknbac,How To Do Box Jumps,PureGym,10.0,
Flutter Kick,matched,https://youtu.be/makJKOu-8ds,How to Perfect the Flutter Kick,SwimLifePro,27.0,
Kneeling Hip Flexor,matched,https://youtu.be/I6Tk4_dMdJE,Kneeling Hip Flexor Stretch With PPT,Andrew Dulak,25.0,
Dumbbell One-Arm Incline Lateral Raise,matched,https://youtu.be/X2knTOySeWQ,Dumbbell Incline One Arm Lateral Raise shoulders Exercise,Genemedics Health Institute,27.0,
Toe Touches,matched,https://youtu.be/9iEI95-eZWk,How To Do Toe Touches,PureGym,21.0,
Smith Machine Bench Press (Close Grip),matched,https://youtu.be/O5viuEPDXKY,Smith Machine Bench Press,Renaissance Periodization,12.0,same video used for several exercises
Cable Rear Lateral Raise,no_match,,,,,
Decline Bench Weighted Twist,matched,https://youtu.be/hLCJHv1n3BQ,Weighted Russian twist on decline bench,Tom Hutchinson PT,15.0,
Cable Standing Leg Curl,matched,https://youtu.be/hQOu7Qwv298,Cable Standing Leg Curl,Sears,17.0,
Dumbbell Bench Squat,no_match,,,,,
Barbell Wrist Curl (Palms Down),matched,https://youtu.be/vzYBpU_AK1A,female barbell wrist curl,MuscleWiki,16.0,
Dumbbell Decline Fly,matched,https://youtu.be/Mri8jOd5mKQ,How to Do Dumbbell Decline Flys,TJE Performance,23.0,
Glute Stretch,matched,https://youtu.be/A0_vGZe3fHw,Hip exercise - glute stretch,www.sportsinjuryclinic.net,24.0,
EZ Bar Incline Tricep Extension,matched,https://youtu.be/EKqyG87m6zw,"EXERCISE TUTORIAL | Tricep Extension - EZ Bar, Incline Bench",Josh Bowers,14.0,
Dumbbell Preacher Hammer Curl,matched,https://youtu.be/c8e5Bnv5G7U,HAMMER PREACHER CURLS BOTH ARMS,Tiffany Wilkerson Fitness,21.0,same video used for several exercises
Cable Standing Curl,matched,https://youtu.be/u9XtfyqeJd4,How To Do Standing Cable Bicep Curl | Exercise Demo,OriGym,17.0,
Barbell Pullover,matched,https://youtu.be/E4NQ5DfqwbU,Barbell Pullover,OPEX Fitness,16.0,
Dumbbell Alternating Tricep Kickback,matched,https://youtu.be/srHSUCH3iH8,Tricep Kickback Alternating Dumbbell,Functional Fitness,21.0,
Kettlebell Front Squat,matched,https://youtu.be/-TeEMXoHQPM,How to do a Kettlebell Front Squat  | Proper Form & Technique | NASM,National Academy of Sports Medicine (NASM),17.0,
Bodyweight Rear Lunge,matched,https://youtu.be/yU3kMJlau9U,Bodyweight rear lunge,Eric Northington,19.0,
Dumbbell One-Arm Wrist Curl (Pronated),no_match,,,,,
Weight Plate Wall Sit,matched,https://youtu.be/psq5CSAhG1s,Weight Plate Wall Sit,Adrian Allen,12.0,
Smith Machine Stiff-Leg Deadlift,matched,https://youtu.be/b0-dFJdTTh8,STIFF LEG DEADLIFT {smith machine},Fitdaniluu,18.0,
Dumbbell Bicep Curl (Reverse Grip),no_match,,,,,
Weight Plate Shrug,matched,https://youtu.be/U0Uu8SGzMMM,Plate Shrugs,Zach Mueller,11.0,
Dumbbell Shoulder Raise,matched,https://youtu.be/xagEKj2yDc8,Dumbbell Shoulder Front Raise,Functional Bodybuilding,17.0,
Cable Standing Row,matched,https://youtu.be/oTCJdN2p0ug,1 Arm Standing Cable Row with Rotation,Fieldwork Health,15.0,
Aerobics,no_match,,,,,
Wrist Roller,matched,https://youtu.be/KCqs-5eWeRU,Wrist Roller Strengthening,Whole Body Health Physical Therapy,26.0,
Tricep Stretch,matched,https://youtu.be/zzvDO56B0HE,Stretching Exercises - the tricep stretch,www.sportsinjuryclinic.net,24.0,
Dumbbell One-Arm Shoulder Press,no_match,,,,,
Machine Assisted Pull-Up (Hammer Grip),matched,https://youtu.be/O6BytlyPv1Y,Assisted Neutral Grip Pull-up,Elite Health & Fitness,25.0,
Kettlebell Suitcase Carry,matched,https://youtu.be/iq5D5SU2Oq4,How To Do Kettlebell Suitcase Carry | Exercise Demo,OriGym,19.0,
Cobra,matched,https://youtu.be/Nd3j6Avtv6Q,COBRA STRETCH,Atomic Athlete,16.0,
Decline Bench Leg Raise,matched,https://youtu.be/Ts4UXby8IZs,How to do Decline Bench Leg Raises,Fitness Evolution,16.0,
Barbell Seated Tricep Extension,no_match,,,,,
Dumbbell Tate Press,matched,https://youtu.be/LX7VB8xY90E,Dumbbell Tate Press – Build Triceps Without Elbow Pain,Train With Cuz,23.0,
Extended Arm Child Pose,matched,https://youtu.be/lPPI9W9TvSE,How to do extended Arms Child Pose. #Shorts,Green Living Path Alyogi,8.0,
Cable Reverse Grip Tricep Extension,matched,https://youtu.be/G-fDL9CA300,How to do Cable Tricep Extension - Reverse Grip | PFC Club,PFC Club,20.0,
Machine One-Arm Pulldown,no_match,,,,,
Dumbbell Seated Front Raise,matched,https://youtu.be/h4Jvm80kXSw,Dumbbell Seated Front Raise - Proper Form & Technique [4K],Steev,7.0,same video used for several exercises
Trap Bar Shrugs,matched,https://youtu.be/1XlxV6y6kYI,Trap Bar Shrugs Exercise,Critical Bench Compound,11.0,
Rotational Crunch,matched,https://youtu.be/fbCPab_WzNU,rotational crunch,Pat Tingle,23.0,same video used for several exercises
Smith Machine Single-Leg Calf Raise,matched,https://youtu.be/ymsn3rXRswo,Single Leg Calf Raise on Smith Machine,43fitness,17.0,
Barbell Behind the Back Shrug,matched,https://youtu.be/5yz9ht7jA9I,Behind the Back Barbell Shrug,FITASTIC,8.0,
Dumbbell Bent-Over Row (Palm in),matched,https://youtu.be/6gvmcqr226U,How To Do A Dumbbell Bent Over Row,PureGym,16.0,same video used for several exercises
Cable Decline Chest Fly,matched,https://youtu.be/jIt8nG02Ss0,Decline Cable Chest Fly,FITASTIC,9.0,
World's Greatest Stretch,matched,https://youtu.be/CXnge363CH8,Worlds Greatest Stretch with Thoracic Rotation,Functional Bodybuilding,17.0,
Boxing,no_match,,,,,
Cable Flat Bench Fly,matched,https://youtu.be/8JaxPhzYPWM,Flat Bench Crossover Flys With Cable,Chunk Fitness,22.0,
Barbell Bench Press (Wide Grip),matched,https://youtu.be/CjHIKDQ4RQo,How To Do A Barbell Bench Press Correctly,PureGym,16.0,
Bodyweight Wall Squat,matched,https://youtu.be/aKBxiKs9n8A,How To Do A WALL SQUAT | Exercise Demonstration Video and Guide,Live Lean TV Daily Exercises,28.0,
Cable Behind the Back Wrist Curl,matched,https://youtu.be/3qgE3rPV5VE,How To Do: Cable Wrist Curl - Behind Back Underhand Grip | Arm Workout Exercise,Fitway - Workout Trainer,26.0,
Hip Stretch,matched,https://youtu.be/SCU2gOzpri4,Cross Body Hip Stretch,SPECTRUM Performance,8.0,
Cable Incline Press,matched,https://youtu.be/5pC1skpc7e0,Exercise Tutorial - Incline Chest Press (Cable),Unite Coaching,27.0,same video used for several exercises
Front to Back Leg Swings,matched,https://youtu.be/E68-pMl1Im8,Leg Swings   Front to back,Live Being Fit,26.0,
Smith Machine Decline Bench Press,matched,https://youtu.be/jduXuDxKwn4,Decline Smith Machine Bench Press,Snap Fitness 24/7,17.0,same video used for several exercises
Bench Crunch,matched,https://youtu.be/RVrBJAPo868,Bench Crunch,OPEX Fitness,15.0,
Glute Bridge March,matched,https://youtu.be/dVjj5RMCg4Y,Glute Bridge March,IPA Physio,28.0,
Wall Calf Stretch,matched,https://youtu.be/73Wpb9TlP4k,Wall Calf Stretch,Performance Course,15.0,
Barbell Curl (Close Grip),matched,https://youtu.be/LeAV0-Uzu0c,Barbell Curl - Short Demo,TrainHeroic,24.0,
Side Bridge,matched,https://youtu.be/xMtCZE6rEiA,Exercise Library: Side Bridges,DAREBEE,5.0,
Barbell Ab Rollout,matched,https://youtu.be/80wyM461lec,Barbell Ab Rollout,OPEX Fitness,14.0,
Kettlebell Figure Eight,no_match,,,,,
Cable Wrist Curl (Reverse Grip),matched,https://youtu.be/WVAaKJvToe0,Cable Wrist Curl,Renaissance Periodization,12.0,same video used for several exercises
Chest and Shoulder Stretch,no_match,,,,,
Dumbbell One-Arm Preacher Hammer Curl,matched,https://youtu.be/c8e5Bnv5G7U,HAMMER PREACHER CURLS BOTH ARMS,Tiffany Wilkerson Fitness,21.0,same video used for several exercises
Kettlebell Sumo High Pull,matched,https://youtu.be/E0rZyP0-xAM,Kettlebell Sumo Deadlift High Pull - OPEX Exercise Library,OPEX Fitness,13.0,
Weight Plate Neck Flexion (Supine),matched,https://youtu.be/oIj6OxLJc0Y,Plate Neck Flexion,BeyondStrengthDC,25.0,
Cable Shoulder Press,matched,https://youtu.be/G1qWo8YjDPE,Cable Shoulder Press,Ruth Maleski,22.0,
Dumbbell Incline Bench Press (Palms in),matched,https://youtu.be/jMQA3XtJSgo,Incline Dumbbell Bench Press - OPEX Exercise Library,OPEX Fitness,13.0,same video used for several exercises
Cable Oblique Crunch,no_match,,,,,
Barbell Romanian Deadlift From Deficit,no_match,,,,,
Tuck Crunch,matched,https://youtu.be/uAVwnCOuGuM,How To Tuck Crunch,2ExtremesFitness,25.0,
Reverse Hyper (Flat Bench),matched,https://youtu.be/yEeSE_Sz4Nw,Reverse Hyperextension on Box,M-Power Fitness,11.0,
Seated Floor Hamstring Stretch,no_match,,,,,
Abdominal Pendulum,matched,https://youtu.be/bwV3-gTy4Aw,Abdominal Pendulum,Stefan Roobol,11.0,
Dumbbell Supinated One-Arm Wrist Curl,no_match,,,,,
Machine Inverted Row (Feet Elevated),matched,https://youtu.be/hnVkRylmY04,Smith Machine Inverted Row,The Female Collective ,17.0,same video used for several exercises
Barbell Landmine Double Arm Row,matched,https://youtu.be/rc6NaWBruJ4,Landmine Double Arm Row (Holding Barbell),Summit Performance and Therapy,13.0,
Kettlebell Thruster,matched,https://youtu.be/SJ3kBTVlfq8,Be Active - Workout Of The Day Exercises - Kettlebell Thruster,Be Active,17.0,
Cable Incline Pulldown (Supine),matched,https://youtu.be/uhv6IxggwhA,Incline bench Lat pull down on cable,Aaron Agnew,7.0,
Dumbbell Lateral Raise (Prone),matched,https://youtu.be/XPPfnSEATJA,How to do a Dumbbell Lateral Raise,National Academy of Sports Medicine (NASM),19.0,same video used for several exercises
Cable Drag Curl,matched,https://youtu.be/cJPAVGJwc3Q,How To Perform A Cable Drag Curl,Project Blaze™️,29.0,
Side to Side Leg Swings,matched,https://youtu.be/6aw8CAH_65Y,Side Leg Swings Tutorial - Proper Form and Technique,Runna,20.0,
Bicep Stretch,matched,https://youtu.be/7mNxV2cqIXM,Arm and Elbow Stretches - assisted bicep rehabilitation exercise,www.sportsinjuryclinic.net,21.0,
Dumbbell External Rotation,matched,https://youtu.be/t5Ft8OMG_D8,Dumbbell External Rotation,OPEX Fitness,14.0,
Barbell Bench Squat,matched,https://youtu.be/RH4NoRq7pDs,Barbell Back Squat to Bench,Sunshine Coast Rehab + Exercise Physiology ,14.0,
Walking High Knees,matched,https://youtu.be/ewVnQSJGzBw,Walking High Knees,Vinh Tran,11.0,
Cat Stretch,matched,https://youtu.be/LIVJZZyZ2qM,Cat - Cow Stretch,Dr. Dawn,15.0,same video used for several exercises
Donkey Calf Raise,matched,https://youtu.be/WbBJmFQsIMA,Bodyweight Donkey Calf Raises,Functional Bodybuilding,14.0,
Kettlebell One-Arm Row,matched,https://youtu.be/MB197PxxR0o,One arm bent over Kettlebell Row Demo,Joe Daniels Kettlebell Muscle Gain ,25.0,
Cable Reverse Wood Chop,matched,https://youtu.be/lQH7qfR3rZ8,Reverse Wood Chop,Surf Strength Coach,12.0,
Cable Preacher Curl,matched,https://youtu.be/OslO2-OvdYo,Exercise Tutorial - Unilateral Cable Preacher Curl,josh cowan,28.0,
Dumbbell Bent-Over Tricep Extension,matched,https://youtu.be/7YWlPWCn7Wg,Bent over row + Tricep extension,Anne Craig,16.0,
Dumbbell Seated Alternating Shoulder Press,matched,https://youtu.be/spRN-MvJO-A,Seated Alternating Top Dumbbell Shoulder Press Exercise,PLAE,10.0,
Weighted Bench Dip,matched,https://youtu.be/HEXGNzlnw5o,How To Do Weighted Bench Dips | Exercise Demo,OriGym,14.0,
Barbell Rear Delt Row,matched,https://youtu.be/PkhN_YyoWLI,Barbell Rear Delt Rows,My PT Hub,9.0,
Machine Vertical Row (Reverse Grip),matched,https://youtu.be/jBlunMD5MZs,Vertical Row Machine How-To,Raintree Athletic Club,23.0,same video used for several exercises
Smith Machine Good Morning,matched,https://youtu.be/mvkPUcxvwjc,Exercise Tutorial | Good Mornings Smith Machine,Evgeniia Kaplina,20.0,
EZ Bar Tricep Extension (Close Grip),matched,https://youtu.be/a6wtHEbcORQ,How To Do Underhand Tricep Extension EZ Bar,TJE Performance,23.0,same video used for several exercises
Hamstring Stretch,matched,https://youtu.be/dgerF9P-m7M,PNF Hamstring Stretch,[P]rehab,16.0,
90/90 Hamstring Stretch,matched,https://youtu.be/h_yZV27H684,How to do a Static 90-90 Hamstring Stretch,National Academy of Sports Medicine (NASM),28.0,
Barbell Overhead Front Raise,no_match,,,,,
Toe Touch Stretch,matched,https://youtu.be/uMffmPAOR2s,Toe Touches (hamstring stretch!),Woodhaven Health,17.0,
Parallel Bar Hip Flexion,matched,https://youtu.be/FtqZvSzP2uU,Parallel Straight Leg Hip Flexion with Knee Hinge and Solo Tib Bar,AccelerateSP,8.0,
Barbell Landmine Squat,matched,https://youtu.be/oRVwUtJXLIQ,How To Do Landmine Squat,Ian Nimblett,20.0,
Barbell Bicep Drag Curl,matched,https://youtu.be/8BiXi7-yp94,💪 Barbell Drag Curl Tutorial | Maximize Bicep Isolation with Perfect Form,Alex McBrairty | Psych-Based Fitness & Friendship,25.0,
Standing Trunk Rotation,matched,https://youtu.be/dECwx-ga6Po,How To Do A Standing Trunk Rotation,Fifty Plus Fitness,25.0,
Chin-Up (Mixed Grip),matched,https://youtu.be/2un9lmE62Kg,How To: Chin Up Jawline Exercise,Live Lean TV Daily Exercises,27.0,same video used for several exercises
Barbell Preacher Curl (Overhand),matched,https://youtu.be/h5m3IZ7nV94,Barbell Preacher Curl,Kas Kuvvet,14.0,
Forearm Plank with Hip Abduction,matched,https://youtu.be/0cP8QcBMGf4,Forearm Plank with Hip Abduction,E3 Rehab Exercise Library,12.0,
Seated Bench Leg Pull-In,matched,https://youtu.be/owL_QDF3c5A,Abdominals   Seated Flat Bench Leg Pull In   Exercises Guide,GYM,21.0,
Decline Bench Rotational Sit-Up,matched,https://youtu.be/Wm6D-n-CbeY,Decline Bench Rotation Sit Up - I’MBITIOUS Fitness,I'MBITIOUS Exercises,13.0,
Barbell Lateral Lunge,matched,https://youtu.be/VTtLrBvHoJ8,Landmine Lateral Lunge,Testosterone Nation,13.0,
Kettlebell Alternating Floor Press,matched,https://youtu.be/Uf1jY-575lo,Alternating Kettlebell Floor Press,Functional Bodybuilding,15.0,
Weight Plate Neck Extension (Prone),matched,https://youtu.be/UDciopkHHYc,Neck Extension with Plate,Trinity S&C,22.0,
Lateral Stretch,no_match,,,,,
Barbell Single-Leg Squat,matched,https://youtu.be/9HNd6tmthjE,Barbell Single Leg Squat,FITASTIC,8.0,
Machine Seated Single-Leg Calf Raise,matched,https://youtu.be/4NUJeFJ14F4,Single Leg Seated Calf Raise Machine,OPEX Fitness,10.0,
Cable V-Bar Row,matched,https://youtu.be/f6OpZidgi0c,Cable Bent Over Rows (V-Bar),True Fitness Windsor,13.0,
Barbell Kneeling Wrist Curl (Palms Up),matched,https://youtu.be/3UomiPXmkO4,Kneeling Barbell Wrist Flexion Curls,Manukau Institute of Technology School of Sport,29.0,same video used for several exercises
Hip Flexor Stretch,no_match,,,,,
Barbell Landmine One-Arm Row,no_match,,,,,
Kettlebell Row,matched,https://youtu.be/DLzaeTLcZVg,3 Point Kettlebell Row,GENAVIX HealthyCARE Network,16.0,
Cable Rope Pullover (Supine),matched,https://youtu.be/U4-4TxGINjk,Cable rope pullovers,Nell Nation Fitness,12.0,
Handstand Push-Up,matched,https://youtu.be/EMYzJyBY6X0,Handstand Push-up (wall assisted),Maximum Potential Calisthenics,25.0,
Dumbbell Reverse Fly with External Rotation,matched,https://youtu.be/VghmZ1AC0js,BENT OVER REVERSE FLY WITH EXTERNAL ROTATION,FOMO BY WHIZZ,13.0,
Dumbbell Seated Press (Palms In),matched,https://youtu.be/HzIiNhHhhtA,Seated Dumbbell Shoulder Press,Renaissance Periodization,13.0,
Dumbbell Reverse Wrist Curl,matched,https://youtu.be/osYPwlBiCRM,Dumbbell Reverse Wrist Curl,Ellipse Athletics ,11.0,
Barbell Pullover and Press,matched,https://youtu.be/sttAHDQt_mI,Barbell Pullover To Press,Gym visual,7.0,
Barbell Clean and Jerk,matched,https://youtu.be/tuaqqBZzLsk,Rich Froning | Power Clean and Jerk with a Barbell,Mayhem Athlete,19.0,same video used for several exercises
Kettlebell Pistol Squat,matched,https://youtu.be/3dMMJMSpFV0,Kettlebell Pistol Squat,John Parker,26.0,
Straddle Stretch,matched,https://youtu.be/HZRZ18fDleg,CTM - Straddle Stretch,CompTrain Masters,14.0,
Plyo Push-Up,matched,https://youtu.be/GNVQos5I0qk,Plyometric Push Up - OPEX Exercise Library,OPEX Fitness,13.0,
Cable Crunch Kneeling Rotation,matched,https://youtu.be/nuVY2mjt4Cg,High Kneeling Cable Crunch Rotations,InformedPerformance,20.0,
Barbell Clean Deadlift,matched,https://youtu.be/YosC3U8zpy4,Clean Deadlift (PVC or empty barbell),Weightlifting 101,20.0,
Barbell Step-Up,matched,https://youtu.be/ZkRXmaks7_Q,Barbell Step Up - Power Focus [Exercise Demonstration],Return To Perform,9.0,
Kettlebell Leg Pass,no_match,,,,,
Pilates,no_match,,,,,
Smith Machine Rear Shoulder Press,no_match,,,,,
Decline Reverse Crunch,matched,https://youtu.be/9V9LgH2Ty5w,Dumbbell Decline Reverse Crunch | My Exercises in 15s!,Efficiency Fitness Training,16.0,
Barbell Seated Twist,matched,https://youtu.be/F9OT-8VG44M,Barbell Seated Twist Waist Exercise,Genemedics Health Institute,27.0,
Dumbbell Decline Press,matched,https://youtu.be/4R_GwRhG0rY,How To Decline Dumbbell Press,PureGym,16.0,same video used for several exercises
Thoracic Spine Extension (Foam Roller),matched,https://youtu.be/qSmuPsi1_9g,Thoracic Cat Cow | Spine Range of Motion | Flexion & Extension,E3 Rehab Exercise Library,19.0,
Cable Seated Bicep Curl,matched,https://youtu.be/3SePqFdvfBg,Seated Bicep Cable Curl with Straight Bar,Central Athlete,19.0,same video used for several exercises
Stability Ball Hamstring Curl to Bridge,matched,https://youtu.be/AjBsoiqiSyM,Stability Ball Glute Bridge to Hamstring Curl,SB Training,14.0,
Side Plank Hip Abduction,matched,https://youtu.be/VJNBhLMC8Rg,Side Plank With Hip Abduction Hold for Runners,Steady State Health,21.0,
Cross-Leg Side Stretch (Supine),matched,https://youtu.be/BCqLy8nPBEI,Running Exercise - Cross Leg Side Stretch for Cool Down Post Run,GetFitso,19.0,
Dumbbell Front Incline Raise,matched,https://youtu.be/zSFLEDnfEK8,Exercise Videos- Incline Dumbbell Front Raise,HyperStrike28,21.0,
Cable Bent-Over Lateral Pulley,no_match,,,,,
Barbell Rear Military Press,matched,https://youtu.be/B4U0xgIj2VA,Rear Military Press With Barbell,Chunk Fitness,23.0,same video used for several exercises
Rear Pull-Up (Wide Grip),no_match,,,,,
Barbell Squat (Wide Stance),matched,https://youtu.be/rrJIyZGlK8c,How To Do A Barbell Back Squat,PureGym,24.0,same video used for several exercises
Cable Seated Row to Neck,matched,https://youtu.be/LHnhBlID3TE,EXERCISE TUTORIAL: Cable Seated Row - Rope Pull to Neck,Josh Bowers,15.0,
Shoulder Rotation,matched,https://youtu.be/4tpl-huz060,Shoulder exercise - External Rotation Retraction,www.sportsinjuryclinic.net,23.0,
Cable Pulldown Bicep Curl,matched,https://youtu.be/ECRrkOBfVEM,Pulldown Bicep Curl,Kas Kuvvet,18.0,
Dumbbell Seated Dublin Press,matched,https://youtu.be/c28638rjwRg,Seated Dumbbell Dublin Press,fitlopedia,21.0,
Dumbbell Incline Spider Curl,matched,https://youtu.be/stRj5jlt6JQ,How to do a Dumbbell Incline Facedown Curl (Spider Curls) | Rowlett Transformation Center,Rowlett Transformation Center,24.0,
Kettlebell Windmill,matched,https://youtu.be/ITSmgn_BQgY,Kettlebell Windmill Tutorial | Kettlebell Exercises,Onnit,21.0,
Hanging Knee Raise Rotation,matched,https://youtu.be/BPglZeSwQt8,Full Rotation Hanging Knee Raise Ab Exercise,WarGym Tanda,6.0,
Leg Raise with Hip Thrust,matched,https://youtu.be/lxdS-oh4nT4,Leg Raise with Hip Thrust | Patient Exercises,Patient Exercises,22.0,
Downward Facing Dog,matched,https://youtu.be/D360_jWCxW4,120 downward facing dog- incorrect form,Kirstin Brekken,11.0,
Single-Leg Squat,matched,https://youtu.be/7oHiAdRQbyc,How to Do a Single Leg Chair Squat with Touch Exercise | MedBridge,Medbridge,27.0,
Barbell Drag Curl,matched,https://youtu.be/ZHa0OAcn7Bc,Barbell Drag Curl - OPEX Exercise Library,OPEX Fitness,17.0,
Trap Bar Squat,matched,https://youtu.be/ezWS07xkIzE,Trap Bar Squat,OPEX Fitness,13.0,
Knees to Chest Hug,matched,https://youtu.be/bPltktBq3zA,How to do Hug Knees to Chest | Joanna Soh,Joanna Soh,16.0,
Dumbbell Incline Row (Reverse Grip),matched,https://youtu.be/Nx0TzjgsI-0,How To Do An Incline Dumbbell Row,PureGym,16.0,
Machine Unilateral Row,matched,https://youtu.be/YOkDPUOXos4,Unilateral Machine Row Neutral Grip,Gabriel Ignacio,19.0,
Barbell Clean,matched,https://youtu.be/n6lRtVV7LYY,Barbell Hang Clean - How To,Bobby Maximus,23.0,same video used for several exercises
Weight Plate Reverse Curl,matched,https://youtu.be/GhD0U3KPoUU,Weight plate reverse curl,FİTRİTİM,24.0,
Cable One-Arm Reverse Curl,no_match,,,,,
Barbell Hack Squat,matched,https://youtu.be/crRfGrisNrU,Barbell Hack Squat,Lukas Duncan (lukasbduncanmuscle),18.0,
Dumbbell Incline Fly With A Twist,matched,https://youtu.be/H8ecZAg7vHk,Incline-Bench-Dumbbell-Fly-With-A-Twist Erol Uğur Sporizle.tv,Erol Uğur,8.0,
Barbell Tricep Press (Close Grip),matched,https://youtu.be/kFwKJAJApXU,How to Do Barbell Close Grip Press | Triceps Exercise!,Zi workout,21.0,
Kettlebell Push-Up,matched,https://youtu.be/6aMmSehlZTk,Kettlebell Push Up,Functional Bodybuilding,15.0,
Dumbbell Squat to Shoulder Press,matched,https://youtu.be/rXstLR0lT2k,Dumbbell Squats To Shoulder Press - Proper Form & Technique [4K],Steev,15.0,
Dumbbell Jump Squat,matched,https://youtu.be/-qu2L4S2xtU,Dumbbell Jump Squat Demo,Stronger Runner,18.0,
Dumbbell Seated Single-Leg Calf Raise,matched,https://youtu.be/_3l43m-1Gew,Single Leg Dumbbell Seated Calf Raises,My PT Hub,14.0,
Dumbbell Seated Wrist Curl (Palms Down),matched,https://youtu.be/btN1oReDGNI,Dumbbell Seated Neutral Wrist Curl female Forearms Exercise,Genemedics Health Institute,26.0,
Smith Machine Front Squat,matched,https://youtu.be/EVaxJjHIPwI,Smith Machine Front Squat (Arms Crossed),E3 Rehab Exercise Library,16.0,
Reverse Lunge Crossover,matched,https://youtu.be/ga4TJBSsMd0,"Crossover Reverse Lunge, Tutorial, Exercise Video, Workout, SEXioFIT",SEXioFIT,26.0,
Decline Bench Ab Reach,no_match,,,,,
Kneeling Thoracic Mobility,matched,https://youtu.be/Bv4e7K6if40,91. Open The Book (Kneeling) - Thoracic Spine Mobility Exercise,Northallerton Osteopaths at Hale House,23.0,
Dumbbell Seated Front Raise (Hammer),matched,https://youtu.be/h4Jvm80kXSw,Dumbbell Seated Front Raise - Proper Form & Technique [4K],Steev,7.0,same video used for several exercises
Dynamic Back Stretch,no_match,,,,,
Child's Pose,matched,https://youtu.be/nMp3MlTz9fA,How to do a child's pose stretch,Medibank,22.0,same video used for several exercises
Bent Knee Hundreds,matched,https://youtu.be/7mmqN_uBplM,Pilates Hundred- knees bent,Leah Travisano,11.0,
Cable Rope Row to Neck,matched,https://youtu.be/zOR-oqgZO50,Winnipeg Personal Trainer Row To Neck With Rope,kumar praveen,21.0,
Dumbbell One-Arm Incline Chest Press,no_match,,,,,
Cable One-Arm Preacher Curl,matched,https://youtu.be/DUxji6eWTVg,How to Fitness Series: How to do Cable One Arm Preacher Curls | Refine YOU,Refine YOU,16.0,same video used for several exercises
Stability Ball Weighted Sit-Up,matched,https://youtu.be/_u6Hqbl-EMs,Stability ball weighted sit-ups,Sherry Winslow,14.0,
Shell Stretch,matched,https://youtu.be/BYcExakEl7M,Shell Stretch,Defence Forces Physiotherapy,23.0,
Cable Incline Tricep Extension,matched,https://youtu.be/egIT79Uln0c,"Cable Incline Tricep Extension: Triceps, Arm Exercise Demo How-to",FitSW Fitness Software,23.0,
Barbell Push Press Behind the Neck,matched,https://youtu.be/XY5YvJMeSSY,Barbell Behind Neck Push Press - Proper Form & Technique [4K],Steev,14.0,
Dumbbell Rotational Row,matched,https://youtu.be/ZpI28mfvRsw,Dumbbell Palm Rotational Bent Over Row female Back Exercise,Genemedics Health Institute,26.0,
Plank with Alternating Knee Drive,matched,https://youtu.be/pkaENIGSHtU,Plank Alternating L-Knee Drive,Eternal Fitness,20.0,
Side-Lying Thoracic Rotation,matched,https://youtu.be/EHZJns1bXPM,Side Lying Thoracic Rotation,The Active Life,26.0,
Dumbbell Decline Tricep Extension,matched,https://youtu.be/SeExkEo63mo,Decline Dumbbell Tricep Extension - How to do Decline Tricep Extension,WeightTrainingCom,26.0,
Dumbbell Deltoid Raise,no_match,,,,,
Wide Leg Stretch,matched,https://youtu.be/GQPT2wlVpmo,How to do a Wide Leg Squat stretch,Medibank,26.0,
Barbell Rocking Standing Calf Raise,matched,https://youtu.be/JU9XK0QQ4So,Rocking Standing Calf Raise   Exercise Videos & Guides   Bodybuilding com,how to lose weight with the keto diet,20.0,
Shoulder Circles,matched,https://youtu.be/kxyZyR93rVA,🔄 Arm Circles Exercise | Improve Shoulder Mobility & Warm Up Fast,Prime Fitness,11.0,
Dumbbell Alternating Bent-Over Reverse Fly,matched,https://youtu.be/aLlj806R0zU,Shoulder Alternating Reverse Fly (Dumbbells) - Bent Over,More Active,9.0,
Weight Plate High Front Raise,matched,https://youtu.be/ZDyeGA16xy4,High Weight Plate Front Raise,Kas Kuvvet,15.0,
Cable Seated Rotation (Stability Ball),matched,https://youtu.be/8KkGcMWTYjI,Seated Cable Rotation,Core Principles Personal Training,26.0,
Alternating Floor Leg Raise,no_match,,,,,
Dumbbell Wrist Curl (Neutral Grip),matched,https://youtu.be/UYKkkRSKbIQ,Neutral Wrist Curls (Using Dumbbell. weight),Mike Snyder,16.0,
Dumbbell Alternating Kickback,matched,https://youtu.be/X10967UypQk,Alternating Dumbbell Tricep Kickback,Kelsea Nannini,10.0,
Stability Ball Trunk Rotation,matched,https://youtu.be/XhSXELzPNLY,Stability Ball Trunk Rotations,topspeedschool,27.0,
Straight Arm Plank,matched,https://youtu.be/MDxfAuBbHHA,How to do a Straight-Arm Plank  | Proper Form & Technique | NASM,National Academy of Sports Medicine (NASM),19.0,
Hip Adduction,matched,https://youtu.be/P1pLE1jmnI0,Cable Hip Adduction,ThriveTraining,26.0,
Hanging Pike,matched,https://youtu.be/Cs0aTqu-Fww,hanging pike w en,Mood Luck,25.0,
Cable One-Arm Tricep Kickback (Reverse Grip),no_match,,,,,
Bench Leg Pull-In,matched,https://youtu.be/AqiicMLlL98,My PT Hub Exercise Library - Flat Bench Leg Pull-In,My PT Hub,24.0,
Band Shoulder Press,matched,https://youtu.be/nKBSk9Y5olc,Band Shoulder Press Exercise,PLAE,16.0,
Barbell Hang Clean,matched,https://youtu.be/n6lRtVV7LYY,Barbell Hang Clean - How To,Bobby Maximus,23.0,same video used for several exercises
Dumbbell Alternating Tricep Extension,matched,https://youtu.be/NnP83rpFqRw,Alternating Isometric Dumbbell Tricep Extension,Chad Blair,17.0,
Dumbbell High Curl,matched,https://youtu.be/x2b2Bv6kq7Q,DUMBBELL HIGH CURL,fymbleapp,16.0,
Dumbbell Cross Tricep Extension (Supine),matched,https://youtu.be/tG3BKvnkWB0,Cross Body Dumbbell Tricep Extension,Jeff Snyder,15.0,
Cable One-Arm Concentration Curl,no_match,,,,,
Barbell Kneeling Wrist Curl (Palms Down),matched,https://youtu.be/3UomiPXmkO4,Kneeling Barbell Wrist Flexion Curls,Manukau Institute of Technology School of Sport,29.0,same video used for several exercises
Cable One-Arm Rotational Row,no_match,,,,,
Ankle Circles,matched,https://youtu.be/om1IAdzpKsg,Ankle Circles (Exercise Demo),The Barefoot Sprinter,22.0,
Seated Hamstring Stretch,matched,https://youtu.be/HFPbNaMzW3M,Stretching exercises - Seated hamstring stretch,www.sportsinjuryclinic.net,15.0,
Split Jump,matched,https://youtu.be/nN-fkSOL1ds,How To Do A Split Jump,JeremyScottFitness,8.0,
Smith Machine Bench Press (Wide Grip),matched,https://youtu.be/O5viuEPDXKY,Smith Machine Bench Press,Renaissance Periodization,12.0,same video used for several exercises
Push-Up to Side Plank,matched,https://youtu.be/pJUY83BsReY,How to do Push-Up To Side Plank | Joanna Soh,Joanna Soh,23.0,
Side Step-Up,matched,https://youtu.be/fnyi4hDabkQ,How to do Side Step-Ups | Joanna Soh,Joanna Soh,18.0,
Dumbbell Single-Leg Calf Raise,matched,https://youtu.be/hP6ntc92ASk,Single-Leg Dumbbell Calf Raise,Testosterone Nation,19.0,
Dumbbell Decline Bench Lunge,matched,https://youtu.be/M9e7sUCot3E,EQUIPMENT-NO COMBINED 664  Dumbbell Decline Bench Lunge,online PT,21.0,
Dumbbell Lateral Lunge with Bicep Curl,no_match,,,,,
Bent Knee Hip Raise,matched,https://youtu.be/VsK9rz0xNI4,Bent Knee Hip Raise Exercise,Ryna Flor,18.0,
Scorpion,matched,https://youtu.be/q9Sllm2jEss,Floor Scorpion Mobility Exercise,Onnit Academy,18.0,
Dumbbell Alternating Reverse Curl,matched,https://youtu.be/S23y3ktmnUY,Dumbbell Reverse Curl (Alternating),Fight Fitness,26.0,
Dumbbell Wall Squat Hold,matched,https://youtu.be/EIK8PXNRBjY,Fitness Band - Wall Squat Hold,UnlimitedExercises,16.0,
Wrist Circles,matched,https://youtu.be/vwsLb3pBDo4,How to Do Hand-to-Hand Wrist Circles | Improve Wrist Mobility & Control,Peak Functional,29.0,
Kneeling Forearm Stretch,matched,https://youtu.be/VuzkBRvf81o,Forearm Stretch - kneeling,Code XIX,11.0,
Stability Ball Plank,matched,https://youtu.be/2yenA3JNh5Q,Stability Ball Plank,Life FitnessTraining,17.0,
Calf Machine Shoulder Shrug,matched,https://youtu.be/B2pVOQwM4es,Calf Machine Shoulder Shrug Exercise Demo How-to,FitSW Fitness Software,12.0,
Dumbbell Incline Alternating Hammer Curl,matched,https://youtu.be/PIdsj1v3fmA,Alternating Incline Dumbbell Hammer Curl - OPEX Exercise Library,OPEX Fitness,14.0,same video used for several exercises
Stability Ball Pull-In,matched,https://youtu.be/Ode4tpT7d7s,How to do Stability Ball Pull-in,Fitness Evolution,15.0,
Kettlebell Clean,matched,https://youtu.be/-f5TkjaYUEc,How To Do The Double Kettlebell Clean Exercise | Onnit Tutorials,Onnit,18.0,
Barbell One-Arm Floor Press,matched,https://youtu.be/jUXUJxxBmjY,One Arm Floor Press Exercise Guide and Video,Good Exercises “TO” Lose Weight,19.0,
Cable One-Arm Side Bend,matched,https://youtu.be/uZNhCPxH8r4,One Arm High Pulley Cable Side Bends Abs Exercise AFITNY CallenFitness,CallenFitness,22.0,
Iron Cross Stretch,matched,https://youtu.be/MhQp54FXMqU,Iron Cross Stretch | Thoracic Spine Mobility Exercise,PRO+ Sports Medicine Education,26.0,
Abdominal Hip Roll,matched,https://youtu.be/5vLzaJt1XyA,beginners abdominal hip roll exercise,Roscoe Nash,27.0,
Weight Plate Squat,matched,https://youtu.be/5mJQXTG2ZoY,WEIGHT PLATE SQUAT,FTF,17.0,
Plyo Box Step-Ups,matched,https://youtu.be/hXCjulnqk2s,Box Step Up - Plyometric Box Training,SMAI,13.0,
Upper Back Stretch,no_match,,,,,
Stability Ball Pike Push-Up,matched,https://youtu.be/Ujn1cMZo4iA,Shoulders   Pike Push Ups with Grips on Stability Ball,CrushFitness,14.0,
Cable Calf Raise,matched,https://youtu.be/Z6l_MUXvonY,How To Do: Cable Calf Raise | Leg Workout Exercise,Fitway - Workout Trainer,26.0,
Weight Plate Hand Squeeze,no_match,,,,,
Push-up to Renegade Row,matched,https://youtu.be/RuJ9a05aa0A,How to do a Dumbbell Renegade Row to Push-Up,National Academy of Sports Medicine (NASM),18.0,
Cable Rope One-Arm Preacher Curl (Hammer),matched,https://youtu.be/9wqia-XJSy8,M1-147 - Cable One-Arm Preacher Curl,TYTAX,9.0,
Dumbbell Alternating Press,matched,https://youtu.be/wOa4YyxyiKI,How to do a Alternating Dumbbell Bench Press,National Academy of Sports Medicine (NASM),21.0,same video used for several exercises
V Bar Pull-Up,no_match,,,,,
Upward Facing Dog,matched,https://youtu.be/LLzttVsx6Yg,How To Upward Facing Dog,Third Space London,7.0,
Kettlebell Alternating Row,matched,https://youtu.be/doPA462HS9Y,Alternating Kettlebell Row | The Fitness Maverick Online Coaching,Gareth Sapstead,18.0,
Boat Pose,matched,https://youtu.be/OMOzA6FO4fk,Boat Pose for Core Strength,Atlantic Physical Therapy Center,27.0,
Barbell Snatch Shrug,matched,https://youtu.be/4tCCI7abjDA,Barbell Shrug (Snatch Grip),P1 Athlete,13.0,
Barbell Tricep Press (Supine),no_match,,,,,
Frog Sit-Up,matched,https://youtu.be/Wym5HfHseGA,Frog Sit Ups   Exercise Videos & Guides   Bodybuilding com,how to lose weight with the keto diet,21.0,
Smith Machine Deltoid Row,matched,https://youtu.be/rSRk-33YQUI,"Smith Machine Upright Rows: Shoulders, Deltoid Exercise Demo How-to",FitSW Fitness Software,13.0,
Dumbbell Lateral Raise (Side-Lying),matched,https://youtu.be/XPPfnSEATJA,How to do a Dumbbell Lateral Raise,National Academy of Sports Medicine (NASM),19.0,same video used for several exercises
Posterior Capsule Stretch,matched,https://youtu.be/EksYeCrklWE,Hip Posterior Capsule Stretch with Inferior Mobilization,The Barbell Physio,13.0,
Weighted Side Rotation,no_match,,,,,
Dumbbell Alternating Lateral Raise,matched,https://youtu.be/84q9sQoxwYI,Dumbbell alternating Lateral Raise,FITTR,15.0,same video used for several exercises
Upward Stretch,matched,https://youtu.be/rWXy0LjnHbs,Upward Stretch   Exercise Videos & Guides   Bodybuilding com,how to lose weight with the keto diet,28.0,
Barbell Side Split Squat,matched,https://youtu.be/8tN3Dljp7MI,Static Barbell Side Split Squats,My PT Hub,15.0,
EZ Bar Seated Curl (Close Grip),matched,https://youtu.be/UNR_5BUYpLg,Seated EZ Bar Curl,OPEX Fitness,15.0,
Band Squat,matched,https://youtu.be/u_u8k-VF3IA,"Squat with band - Knee, Hamstring & Thigh  exercises -",www.sportsinjuryclinic.net,25.0,
Barbell Rear Press,matched,https://youtu.be/B4U0xgIj2VA,Rear Military Press With Barbell,Chunk Fitness,23.0,same video used for several exercises
Dumbbell Single-Leg Squat,matched,https://youtu.be/9PGQvfYke74,Single Leg Dumbbell Squat,FITASTIC,10.0,
Barbell Reverse Bench Press (Wide Grip),matched,https://youtu.be/yOqnWMylR3Q,Barbell Bench Press (Reverse Grip),E3 Rehab Exercise Library,20.0,
Decline Oblique Crunch,matched,https://youtu.be/p5FGLF2fFdk,Decline Oblique Crunches,My PT Hub,14.0,
Single-Leg Bench Dip,matched,https://youtu.be/M_xVh93kG2Q,Triceps Workout - How To Do Bench Dips Single Leg - Triceps Training,Fullersears,27.0,
Alternating Leg Bridge,matched,https://youtu.be/i2jIa-rjv4Q,Bridges On Physioball Alternating Leg Lifts,MGHOrthopaedics,25.0,
Barbell Incline Bench Pull,no_match,,,,,
Kettlebell One-Arm Military Press,matched,https://youtu.be/7erxS5cebhU,Kettlebell One Arm Military Press,USA Iron,27.0,
Dumbbell Incline Shoulder Raise,matched,https://youtu.be/Q11bWwok17k,Athletes.com - Dumbbell Incline Shoulder Raise Exercise,athletesdotcom,20.0,
Cable Rotational Crunch (Kneeling),matched,https://youtu.be/3uZJh23iYbE,Kneeling Cable Resisted Rotational Crunch,Michigan Rugby,11.0,
Back Extension (Prone),matched,https://youtu.be/tIZppe-RB0g,McKenzie Press-up (Back Extension Exercise) -HD,Olympia Sports Chiropractor | Kelly Golob DC,22.0,
Smith Machine Bent-Over Row (Reverse Grip),matched,https://youtu.be/3_PeX9e9aCM,Smith Machine Bent Over Rows,My PT Hub,20.0,same video used for several exercises
Cable Lying Tricep Extension,matched,https://youtu.be/LWW0tvlgC24,Cable Lying Triceps Extension,My PT Hub,15.0,
Kettlebell Military Press,matched,https://youtu.be/JEcLIscUSfc,AMPFit Exercise Library - (Kettlebell) Military Press,AMPFit | Always Making Progress,23.0,
Cable Decline Press,matched,https://youtu.be/xIRXGNfy-nU,Decline Cable Press,BODYCRAFT,27.0,
Back Stretch,no_match,,,,,
Dumbbell One-Arm Incline Curl,no_match,,,,,
Side Jacknife,no_match,,,,,
Windshield Wipers,matched,https://youtu.be/l-RhNMneVcc,Supine Windshield Wipers Mobility Exercise,Jordan Weber Fitness,22.0,
Dumbbell Seated One-Arm Shoulder Press,no_match,,,,,
Back Bend,matched,https://youtu.be/LW07PbZ70V0,back bending,Pathway Fit,22.0,
Dumbbell Bicep Curl (Supine),no_match,,,,,
Cable Rope Incline Tricep Extension,matched,https://youtu.be/iW_dlMLEBmM,Incline Cable Tricep Extensions Rope Attachment,My PT Hub,14.0,
Trap Bar Farmer’s Walk,no_match,,,,,
Bench Oblique Crunch,matched,https://youtu.be/2F-EhzrKNEE,Off-Bench Oblique Crunch | GPS Human Performance,GPS Human Performance,17.0,
Smith Machine Bicep Curl,matched,https://youtu.be/WshgtVD_czw,Smith Machine Bicep Curl Upper Arms Exercise,Genemedics Health Institute,27.0,
Smith Machine Incline Bench Press (Reverse Grip),matched,https://youtu.be/GWPyAnB2K5I,Smith Machine Incline Bench Press,The Female Collective ,25.0,same video used for several exercises
Long Jump,matched,https://youtu.be/-7uLo7LDIfs,Box Long Jump | Sail Technique,manju ss,15.0,
Assisted Hyperextension,matched,https://youtu.be/jRKg4eGH3bI,Back + Lats - Assisted Hyperextension,Jase Stuart - Better Body Academy,16.0,
EZ Bar Preacher Curl (Reverse Grip),matched,https://youtu.be/sxA__DoLsgo,EZ Bar Preacher Curl,Renaissance Periodization,15.0,same video used for several exercises
Band Hip Lift,no_match,,,,,
Dumbbell Rotational Bench Press,no_match,,,,,
Dumbbell Fly (Stability Ball),matched,https://youtu.be/bgC53-J-6gA,How To Do A Dumbbell Floor Fly,PureGym,11.0,same video used for several exercises
Sphinx,matched,https://youtu.be/foqDluSLMSo,"""WEATHERING OF THE SPHINX"" - 🌦️🌊🌡️🏜️🐫🔺🌐📜🗣️♌🦅",Hi Hello Let's Go!,6.0,
Dumbbell One-Arm Wrist Curl,no_match,,,,,
Barbell One-Arm Row,matched,https://youtu.be/awpw9fL2k7o,One Arm Barbell Row,Testosterone Nation,15.0,
Kettlebell Renegade Row,matched,https://youtu.be/NNTpBlHRcA4,How to do a Kettlebell Renegade Row,National Academy of Sports Medicine (NASM),13.0,
Band Good Morning,matched,https://youtu.be/lqxi7wzFOkQ,How to do Good Mornings with a Resistance Band,Kerry S,17.0,
Climber Pull-Up,matched,https://youtu.be/bDpaYemKtwE,Mountain climber pullups,CrossFit Buckhead,16.0,
Calf Raise On A Dumbbell,matched,https://youtu.be/SRUtMJ0tE2A,Dumbbell Calf Raises Tutorial,IronmasterPro,29.0,same video used for several exercises
Kettlebell Alternating Shoulder Press,matched,https://youtu.be/TE56Vqyszqc,Alternating Kettlebell Shoulder Press,My PT Hub,17.0,
Weighted Drop Push-Up,matched,https://youtu.be/WVffl91g1EM,Weighted push ups with plate (drop sets),Superior Athlete Ai.,25.0,
Machine Landmine Row (Reverse Grip),matched,https://youtu.be/hYo72r8Ivso,How To Do T Bar Rows (Landmine Rows),PureGym,11.0,same video used for several exercises
Cable Rope Seated Crossover Row,matched,https://youtu.be/7KhA_TDJuyQ,Rope Crossover Seated Row,Kas Kuvvet,20.0,
Smith Machine Toe Raise,matched,https://youtu.be/tTkP9izcC-Y,Smith Machine Toe Raise,Kas Kuvvet,10.0,
Hip Abduction,matched,https://youtu.be/iqePDjAJzpA,Isometric hip abduction against a wall,Physiohealth01,27.0,
Posterior Tibialis Stretch,no_match,,,,,
Posterior Lower Leg Stretch,no_match,,,,,
Barbell Squat with Narrow Stance,matched,https://youtu.be/O89t6hycAtk,Exercise Videos- Narrow-Stance Barbell Parallel Squat,HyperStrike28,7.0,
Knee to Chest (Supine),matched,https://youtu.be/5R7eWaNWO3U,Double Knee to Chest - Ask Doctor Jo,AskDoctorJo,29.0,
Dumbbell One-Arm Reverse Curl,no_match,,,,,
Band Upright Row,matched,https://youtu.be/7um_i5Hokgs,Band Upright Row Exercise,PLAE,11.0,
Isometric Chest Press,matched,https://youtu.be/9iXLwINlDEU,Chest Press w. Wall ISOMETRIC,Steve Roberts,15.0,
Barbell Pin-Off Good Morning,matched,https://youtu.be/FubluSoLsmk,Good Mornings Off Pins,My PT Hub,20.0,
Smith Machine Bench Squat,matched,https://youtu.be/BzdufU6pWvs,Smith Machine Bench Squat,FITASTIC,12.0,
Alternating Reach and Catch,matched,https://youtu.be/jzxnzBMfa7E,Alternating Reach and Catch,Fitmate AI Fitness Koçu,23.0,
Dumbbell Seated One-Arm Supported Tricep Extension,no_match,,,,,
Crunch with Hands Overhead,matched,https://youtu.be/mG5zS-a2AIY,Crunch   Hands Overhead  Exercise Videos & Guides,how to lose weight with the keto diet,20.0,
Weight Plate Sissy Squat,matched,https://youtu.be/MFllH3uFReg,Weight Plate Sissy Squats,My PT Hub,25.0,
Dumbbell Prone Shoulder Raise (Stability Ball),no_match,,,,,
Rocket Jump,matched,https://youtu.be/M5-2tDaQUs8,Rocket Jumps,SpeedTracs. High Intensity Trainer,13.0,
Smith Machine Shoulder Press (Wide Grip),matched,https://youtu.be/LTXjmRhbpAI,Smith Machine Shoulder Press  nasıl yapılır ?,MUTASYON GYM,22.0,
Tricep Side Stretch,matched,https://youtu.be/-Ck1iF5kdOA,Triceps and Side Muscles Stretch - CTRL Sports,CTRL Sports - Stretching Strap with Loops,24.0,
Leg Swing,matched,https://youtu.be/KxgTO2BGxLE,Diagonal Leg Swing Tutorial - Proper Form and Technique,Runna,20.0,
Smith Machine Hack Squat,matched,https://youtu.be/zZj-ibOLJHs,How To Do Smith Machine Hack Squats,PureGym,12.0,same video used for several exercises
Stability Ball Leg Lift,matched,https://youtu.be/EQhl71qo66g,Stability Ball Leg Lift,Fitness Pros LLC,16.0,
Cable Seated Overhead Curl,no_match,,,,,
Cable Upward Chop,matched,https://youtu.be/PD_KnB4bwYo,upward cable chop,Correct Fitness Systems,17.0,
Clap Push-Up,matched,https://youtu.be/Z9psWZT0WuQ,Clapping Push Ups,Marcus Filly,13.0,
Cable Incline Bench Row,matched,https://youtu.be/ZfPfRadYez8,Incline bench cable upright row with rope,Faction Training,12.0,same video used for several exercises
Stability Ball Back Extension,matched,https://youtu.be/0n2GmFfxScw,Stability Ball Back Extensions,Snap Fitness 24/7,14.0,
Dumbbell Alternating Shoulder Press,matched,https://youtu.be/hTZfYTKWGDo,Rotational Alternating Dumbbell Shoulder Press,Bayamshala by Koushik Balial ,12.0,
Dumbbell One-Arm Upright Row,no_match,,,,,
Runner's Stretch,no_match,,,,,
Cable Seated Shoulder Press,matched,https://youtu.be/WIyRdcauQVE,Seated Cable Shoulder Press,Central Athlete,18.0,
Dumbbell Concentration Curl on Stability Ball,matched,https://youtu.be/GtJRTYtD6_o,Stability Ball Concentration Curl,Matt Fisher,21.0,
Barbell Snatch Deadlift,matched,https://youtu.be/t0a1ce6z4ug,Snatch Grip Barbell Deadlift ,Black Lotus Training Operations,23.0,
Barbell Press Sit-Up,matched,https://youtu.be/CrM9fcsUbI0,Barbell Press Sit Ups,My PT Hub,16.0,
Child Pose Side Stretch,matched,https://youtu.be/40O_4gAP-Vs,Child's Pose with Side Stretch,RADCENTRE,21.0,
Cable Overhead Raise (Supine),matched,https://youtu.be/Nwm5bzpmwwg,Cable Overhead Raise,UWECATEP,9.0,
Barbell Rear Tricep Extension,no_match,,,,,
Dumbbell Reverse Fly (Prone),matched,https://youtu.be/zlfisQZSxU0,Reverse Dumbbell Fly,Women's Strength Nation by Holly Perkins,22.0,same video used for several exercises
Inchworm,matched,https://youtu.be/0HFXsIMKqUg,Inchworms,Wodstar,18.0,
Seated Rotation,matched,https://youtu.be/_71vJV2fZng,Seated Thoracic Rotation (Arms Crossed),E3 Rehab Exercise Library,13.0,
Barbell Cambered Row (Prone),matched,https://youtu.be/J2HNCU1CmDI,Cambered Barbell Row,Adrian Matei,9.0,
Box Jump Multiple Response,matched,https://youtu.be/6rKLTV2Y618,"Box Jump (Multiple Response): Legs, Quads, Plyometric Exercise Demo How-to",FitSW Fitness Software,7.0,
Single-Leg Stance,matched,https://youtu.be/OIxDFvrOic0,Single Leg Stance - Resisted UE Movements,IPA Physio,25.0,
Modified Push-Up to Forearms,matched,https://youtu.be/dZrKs0twpFs,Modified Forearm Push Up,Buzwe Mhlope,20.0,
Standing Hamstring and Calf Stretch,no_match,,,,,
Dumbbell Seated Alternating Front Raise,matched,https://youtu.be/CWEz66PSB3I,Seated alternating front raises with dumbbells,sportizeme,13.0,
Kneeling Hip Extension,matched,https://youtu.be/NvL0Q7FqhoY,Dynamic Half Kneeling Hip Flexor Stretch (Hip Extension Focus),E3 Rehab Exercise Library,16.0,
Bench Plank,matched,https://youtu.be/_XJXNktkB1Q,Bench Plank Mountain Climbers,Balance In Motion,27.0,
Dumbbell Dublin Press,matched,https://youtu.be/ktexhAWb-34,Swiss Ball Dumbbell Dublin Press,fitlopedia,20.0,
Barbell Reverse Tricep Bench Press,matched,https://youtu.be/JUiBla_G0Kg,Reverse Bench Press (Tricep),Fitho Wellness,18.0,
Dumbbell One-Arm Tricep Extension (Reverse Grip),matched,https://youtu.be/0SfJvAJMc70,"One Arm Supinated Dumbbell Triceps Extension: Arms, Tricep Exercise Demo How-to",FitSW Fitness Software,15.0,same video used for several exercises
Knee to Chest to Leg Raise,matched,https://youtu.be/trrFycEVs_U,How to Do a Knee to Chest Leg Raise I Sexyfit Coaching,sexyfit method,27.0,
Cable Seated Shrug,matched,https://youtu.be/tUzLoRBPLDQ,How to do the Seated Cable Shrug,SmartFitnessResults,26.0,
Single-Leg Hack Squat,matched,https://youtu.be/DEcYaWee-D8,Single-leg hack squat,LEGACY HEALTH AND PERFORMANCE,14.0,
Gironda Sternum Pull-Up,no_match,,,,,
Dumbbell One-Arm Rear Row (Prone),matched,https://youtu.be/X4BORb390_4,One Arm Dumbbell Bent Over Rear Delt Row,Alex Mann,12.0,
Hundreds,no_match,,,,,
Side Plank Crunch,matched,https://youtu.be/5Dd8_3ZZeI8,How to do Side Plank Crunches | Joanna Soh,Joanna Soh,20.0,
Barbell Kneeling Squat,matched,https://youtu.be/dDbA781ZgEs,KNEELING BARBELL SQUATS,CrazyBulk,13.0,
Stability Ball Dumbbell Sit-Up,matched,https://youtu.be/z1jzdKYAG90,Swiss Ball Dumbbell Sit Up,fitlopedia,26.0,
Ab Roll,matched,https://youtu.be/dAKwyjJUq5k,Lifelong Ab Roller ft Milind Soman,Lifelong Online,29.0,
Weight Plate Pinch,matched,https://youtu.be/g9P79OKKwXA,Weight Plates Pinch Grip Carry,Fit2 Perform,15.0,
Kettlebell One-Arm Clean and Jerk,matched,https://youtu.be/rguy45pqCEU,Clean & Jerk AKA One Arm Long Cycle - kettlebell sport,Exercise Strength Fitness,23.0,
Lying Alternating Knee Raise,no_match,,,,,
Barbell 1/2 Squat,matched,https://youtu.be/VkSGMEGD6Do,Barbell Squats: 1 1/2 Squats,Stone Strength PT ,12.0,
Barbell Decline Pullover (Wide Grip),matched,https://youtu.be/K3EvsRAe394,Wide Grip Decline Barbell Pullover   Exercise Videos & Guides   Bodybuilding com,how to lose weight with the keto diet,22.0,
Forward Lunge with Rotation,matched,https://youtu.be/EXer_ik-MlU,Forward Lunge w/Rotation,danijeanbear1,13.0,
Cable One-Arm Tricep Extension (Kneeling),matched,https://youtu.be/NvfFTF_v76c,Cable One Arm Tricep Extension - How To,I'll Pump You Up,24.0,same video used for several exercises
Dumbbell Press (Stability Ball),matched,https://youtu.be/ZaDlbm8E8Tg,Dumbbell Bench Press - OPEX Exercise Library,OPEX Fitness,12.0,same video used for several exercises
Decline Bench Leg Raise with Hip Thrust,matched,https://youtu.be/v3a2o-ZIH4o,EQUIPMENT-NO COMBINED 561 Decline Bench Leg Raise with Hip Thrust,online PT,21.0,
Hip Raise,matched,https://youtu.be/7v9crGd0qWc,"77. Gluteus Medius Leg Raise - Hip Strength Exercise for Hip Pain, Low Back Pain, Pelvic or SIJ Pain",Northallerton Osteopaths at Hale House,24.0,
Star Jump,matched,https://youtu.be/kRW4mieztp8,Star Jump Lunge,Fit For Keeps,24.0,
Dumbbell Seated One-Arm Lateral Raise,matched,https://youtu.be/bI9ztRdQfWw,Dumbbell Seated Bent Arm Lateral raise Shoulders Exercise,Genemedics Health Institute,26.0,
Medicine Ball Rotation,matched,https://youtu.be/hO2tKuMMoFU,Medicine Ball Rotation Throw | Nuffield Health,Nuffield Health,24.0,same video used for several exercises
Dumbbell One-Arm Seated Curl,matched,https://youtu.be/Q7dTbE4kRUY,Seated One-Arm Dumbbell Palms-Up Wrist Curl,Musqle,24.0,same video used for several exercises
Dumbbell Rotational Decline Sit-Up,matched,https://youtu.be/4KEPvCaW81o,Decline Weighted Rotational Sit Up,Kat Athletic,24.0,same video used for several exercises
Dumbbell See Saw Press,matched,https://youtu.be/V8BvJQy3jHI,How to Do a Proper SeeSaw Press with Dumbbells,Precision Nutrition,15.0,
Dumbbell One-Arm Tricep Extension (Supinated),matched,https://youtu.be/2i2UkUYb_Iw,One-Arm (Supinated) Dumbbell Tricep Extension,My PT Hub,17.0,same video used for several exercises
Cable Rope Incline Row,matched,https://youtu.be/ZfPfRadYez8,Incline bench cable upright row with rope,Faction Training,12.0,same video used for several exercises
Knee Circles,matched,https://youtu.be/VpFgjaGAOoE,Knee Circles Exercise Video (Official),GetFitso,17.0,
Overhead Stretch,matched,https://youtu.be/AidBGx3TFaw,How to do Overhead Stretch?,GetFitso,14.0,
Band Hamstring Stretch,matched,https://youtu.be/yL5wfToc7hg,How to: Deep Squat into Hamstring Stretch - Dynamic Mobility Drill for Lower Body,Ashleigh Elizabeth Fitness,28.0,
Cross Leg Erector Spinae,no_match,,,,,
Cable Chest Press (Supine Stability Ball),matched,https://youtu.be/sh92B-_2O48,How To Do A Cable Chest Press,PureGym,16.0,
Dumbbell Wall Squat,matched,https://youtu.be/nSt3Xrjh0-w,Dumbbell Shoulder Press Wall Squat,FITASTIC,13.0,
Dumbbell Seated Wrist Curl (Neutral Grip),matched,https://youtu.be/3rsKOL8scsU,Seated Dumbbell Palms-Up Wrist Curl,My PT Hub,14.0,same video used for several exercises
Dumbbell French Press (Stability Ball),matched,https://youtu.be/gw3wWEdTznk,How to | Dumbbell French Press,Mayhem Athlete,9.0,
Kettlebell Turkish Get-Up Squat,no_match,,,,,
EZ Bar Seated Reverse Grip French Press,matched,https://youtu.be/OVdHWqEL2wM,Reverse Grip French Press,Kas Kuvvet,13.0,
Cable Single-Leg Calf Raise,matched,https://youtu.be/Ei2qzKMUVpw,"Cable Calf Raise, Single Leg",Fit Spor,7.0,
Cable One-Arm Incline Press,no_match,,,,,
Cable Single-Leg Knee Raise,no_match,,,,,
Dumbbell One-Arm Tricep Extension (Pronated),matched,https://youtu.be/0SfJvAJMc70,"One Arm Supinated Dumbbell Triceps Extension: Arms, Tricep Exercise Demo How-to",FitSW Fitness Software,15.0,same video used for several exercises
Smith Machine Shoulder Press (Close Grip),matched,https://youtu.be/GcY6TZxfS0k,How To Use The Shoulder Press Machine,PureGym,11.0,same video used for several exercises
Ab Draw Leg Slide,matched,https://youtu.be/WzJqP6Zy2rk,Ab Draw Leg Slide,CompleteBodyExercise,12.0,
Dumbbell One-Arm Reverse Bench Wrist Curl,matched,https://youtu.be/Z2FeYUnR-BA,EQUIPMENT-NO COMBINED 305 Dumbbell One Arm Reverse Wrist Curl Over Bench,online PT,18.0,
Diagonal Plate Raise,matched,https://youtu.be/pjoFrNl-8i4,Diagonal Plate Raise,Ryan Gray,10.0,
Barbell Stiff-Leg Deadlift (Bench),matched,https://youtu.be/vuOgexp-NXk,How to do a Trap Bar Stiff Leg Deadlift | Rowlett Transformation Center,Rowlett Transformation Center,20.0,same video used for several exercises
Cable Bicep Curl (Supine Close Grip),matched,https://youtu.be/bwGouvrXUD4,Exercise Tutorial - Unilateral Cable Bicep Curl,josh cowan,19.0,same video used for several exercises
All Fours Quad Stretch,matched,https://youtu.be/ruOs10Eu9Q4,‏All fours quad stretch fitness exercise workout at home,Fitness | Healthy life,15.0,
Scalene Stretch,matched,https://youtu.be/934rrJiJrmA,How to stretch your anterior scalene,Rehab My Patient,28.0,
Dumbbell Split Jump,matched,https://youtu.be/60zRDSvA_WE,Continuous Dumbbell Split Jump Exercise,PLAE,12.0,
Cable Seated Curl,matched,https://youtu.be/3SePqFdvfBg,Seated Bicep Cable Curl with Straight Bar,Central Athlete,19.0,same video used for several exercises
Decline Bench Knee Raise,matched,https://youtu.be/fy-DOq-MISs,Decline Bench Knee Bent Leg Raise ABs TeamRAF,Team RA Fitness,28.0,
Dumbbell Squat Curl to Shoulder Press,matched,https://youtu.be/zcNl9Fo4BKs,Squat with dumbbell bicep curl to shoulder press,Gudgie,17.0,
Single-Leg Push-Up,no_match,,,,,
Barbell Concentration Curl (Close Grip),matched,https://youtu.be/WI8XjSb-g50,Barbell Concentration Curl,Stack 52,15.0,
Barbell Bradford Rocky Press,matched,https://youtu.be/MSWbF3Rd1y8,Bradford Press (Rocky Press) - Shoulder Exercise Demo How-to,FitSW Fitness Software,14.0,
Dumbbell Seated One-Arm Wrist Curl,matched,https://youtu.be/Q7dTbE4kRUY,Seated One-Arm Dumbbell Palms-Up Wrist Curl,Musqle,24.0,same video used for several exercises
Smith Machine Incline Tricep Extension,matched,https://youtu.be/KQ0cvbAvZho,EQUIPMENT-NO COMBINED 203 Smith Machine Incline Tricep Extension,online PT,21.0,
Dumbbell One-Arm Seated Hammer Curl,matched,https://youtu.be/sbDv6hSmUQY,One Arm Dumbbell Hammer Curl,Kristian Leach,27.0,same video used for several exercises
Cable Rope Preacher Curl (Hammer),matched,https://youtu.be/23jEuXKPOlY,Cable Preacher Rope Hammer Curls with Arms over Knees,ilovefitnessDOTCOM,17.0,
Kettlebell Push Press,matched,https://youtu.be/CCqru4q9RK0,Kettlebell Push Press Exercise | Onnit Tutorial,Onnit,15.0,
Dumbbell Squat to Bicep Curl,no_match,,,,,
Dumbbell Incline Hammer Curl (Prone),matched,https://youtu.be/1Z6XiaBxwHQ,Incline Dumbbell Hammer Curl - OPEX Exercise Library,OPEX Fitness,14.0,same video used for several exercises
Forward Step-Up,no_match,,,,,
Barbell Pin Press,matched,https://youtu.be/g0ygnH7jjq0,Chest Exercise:  Barbell Pin Press Exercise,FitClick,8.0,
High Knee Skip,matched,https://youtu.be/OB54iSibeAE,High knee skip in place,Jaime Rodriguez,7.0,
High Knee Walk External Hip Rotation,matched,https://youtu.be/pP4-o20mWak,High Knee Walk with External Rotation,Ryan Gray,8.0,
Barbell Decline Bench Press (Wide Grip),matched,https://youtu.be/a88og0i8LxE,Chest Exercises -- Barbell Decline Bench Press,Fitnessyard,21.0,
Hanging Knee Raise (Rotational),matched,https://youtu.be/l7OroezzX9k,Hanging Knee Raise Tutorial - Proper Form and Technique,Runna,23.0,same video used for several exercises
Kneeling Lat Stretch,matched,https://youtu.be/6oe2EUn7cHk,Kneeling Lat Stretch,Zach Dechant,20.0,
Dumbbell Shrug (Stability Ball),matched,https://youtu.be/_t3lrPI6Ns4,Dumbbell Shrug,Renaissance Periodization,11.0,
Barbell Power Clean from Blocks,matched,https://youtu.be/5LwKErX-4ws,Barbell Power Clean From Blocks - Proper Form & Technique [4K],Steev,9.0,
Dumbbell Reverse Concentration Curl,matched,https://youtu.be/xoMraP_SIZ8,Dumbbell reverse-grip concentration curl,FİTRİTİM,10.0,
Seated Twist,matched,https://youtu.be/t1kkhgSAjV4,*Seated Twist,Billy Beck III “BB3”,27.0,
Cable Squat Curl,matched,https://youtu.be/JRxf04_PgLg,Squat to a Cable Curl,XFactorTraining,20.0,
Cable Reverse Preacher Curl,matched,https://youtu.be/RLef_nm-PNM,www.FitnessPTO.com - Cable Reverse Preacher Curls,Fit & Healthy Personal Training,21.0,
Barbell Rear Delt Row to Neck,matched,https://youtu.be/9AoOdmvo2do,Rear Delt Barbell Row To Neck Video Exercise Guide,جابر فتحيcoach gaber,25.0,
Dumbbell Forward Lunge with Bicep Curl,no_match,,,,,
Dumbbell Alternating Preacher Curl (Hammer),matched,https://youtu.be/kuQGbi1eYRU,Alternating Dumbbell Preacher Curls,My PT Hub,18.0,same video used for several exercises
Barbell Snatch,matched,https://youtu.be/e8EFaBM1dhg,Barbell Snatch (Olympic Weightlifting),Mike | J2FIT Strength & Conditioning,20.0,
Inchworm Push-Up,matched,https://youtu.be/8t4TynL94Ds,Inch Worm with a Push Up / Inchworm with a Push Up Demo,Triangle CrossFit,18.0,
Cable Rotation (Stability Ball),matched,https://youtu.be/GdIaytsQL0Q,How to do Cable Core Rotation,Fitness Evolution,17.0,
Weighted Decline Rotation,matched,https://youtu.be/4KEPvCaW81o,Decline Weighted Rotational Sit Up,Kat Athletic,24.0,same video used for several exercises
EZ Bar French Press (Reverse Grip),matched,https://youtu.be/HtVsCD_j6Z4,Exercise First: EZ Bar French Press,Nicholas Matthes,22.0,same video used for several exercises
Dumbbell Shoulder Press (Reverse Grip),no_match,,,,,
Cable Decline One-Arm Chest Fly,matched,https://youtu.be/KqtW-L4S-Qg,Cable Decline One Arm Chest Press,Intrinsic Resistance Training,18.0,same video used for several exercises
Kettlebell Arnold Press,matched,https://youtu.be/SG_X8zvZL8g,Beginner Kettlebell Exercises : Arnold Press,Ultimate Lifestyle,28.0,
Barbell Incline Shoulder Raise,matched,https://youtu.be/3Y_RFoYl-dk,Barbell Incline Shoulder Raise,My PT Hub,21.0,
Band Calf Raise,matched,https://youtu.be/a2xjbhP4MkY,Calf Raise with Resistance Band,Fredericksburg Fitness Studio,24.0,
Smith Machine Behind the Back Wrist Curl,matched,https://youtu.be/hcW2-nNH7dg,Behind-the-back Smith machine wrist curl,FİTRİTİM,12.0,
Dumbbell One-Arm Fly,matched,https://youtu.be/PFt98yMgW1g,Flat dumbbell one arm chest fly,makiriddington,17.0,
Dumbbell One-Arm Hammer Press,matched,https://youtu.be/-r_LrDcui0w,Dumbbell one arm hammer press,Aravindcb,25.0,
Stability Ball Wall Squat,matched,https://youtu.be/UtsMdPHPrNA,Swiss Ball Wall Squat,Sears,20.0,
Barbell Curl Against an Incline,no_match,,,,,
Dumbbell Seated Bent-Over Tricep Extension,matched,https://youtu.be/VudwEqVgL0I,Seated Bent-Over Two-Arm Dumbbell Triceps Extension,Musqle,23.0,
Dumbbell Iron Cross,matched,https://youtu.be/gAoyWxlhxc4,Dumbbell Iron Cross - Proper Form & Technique [4K],Steev,6.0,
Barbell Squat to Shoulder Press,matched,https://youtu.be/AhQyicnAbr0,Barbell Squatting Shoulder Press,Flip Fitness,22.0,
Dumbbell Posterior Fly on Stability Ball,no_match,,,,,
Dumbbell Shoulder Press (Stability Ball),no_match,,,,,
Dumbbell Stiff-Leg Deadlift on Bench,no_match,,,,,
Exercise Dome Push-Up,matched,https://youtu.be/SGIcgpFjUTs,BOSU Dome Push-Up,BOSU,28.0,
Half Kneeling Psoas Stretch,matched,https://youtu.be/t50U-Jv7A8w,Half kneeling Psoas Stretch,John Rusin,9.0,
Barbell Side Bend,matched,https://youtu.be/C7Ma6hBv6dw,How to do a Barbell Side Bend?,GetFitso,13.0,
Janda Sit-Up,matched,https://youtu.be/Zyqgtb6zTFM,Janda Sit-Up,Testosterone Nation,28.0,
Barbell Clean Pull,matched,https://youtu.be/wVfN95NOksc,Barbell Clean Pull,My PT Hub,17.0,
Kettlebell Turkish Get-Up Lunge,no_match,,,,,
Band Bench Press,no_match,,,,,
Stability Ball Hand and Foot Exchange,matched,https://youtu.be/7qF5wLkMCc4,How to do the Ball Exchange Ab Exercise | Hand to Foot Ball Passes,FITBODY with Julie Lohre,25.0,
Barbell Stiff-Leg Deadlift (Wide Stance),matched,https://youtu.be/vuOgexp-NXk,How to do a Trap Bar Stiff Leg Deadlift | Rowlett Transformation Center,Rowlett Transformation Center,20.0,same video used for several exercises
Cable Tricep Extension (Kneeling),matched,https://youtu.be/2feuVZi1xx4,Cross Cable Triceps Extension,High Performance Muscle,15.0,
Smith Machine Decline Bench Press (Wide Grip),matched,https://youtu.be/jduXuDxKwn4,Decline Smith Machine Bench Press,Snap Fitness 24/7,17.0,same video used for several exercises
Barbell Decline Pullover,matched,https://youtu.be/5CoEX5UiQ48,Barbell Decline Pullover Chest Exercise,Genemedics Health Institute,27.0,
Dumbbell Pullover (Stability Ball),matched,https://youtu.be/ieFKuQAGYIA,Dumbbell Pullover on Floor,The Active Life,25.0,
Medicine Ball Overhead Throw,matched,https://youtu.be/-yBsH0pAo1g,How To Do Medicine Ball Overhead Throw | Exercise Demo,OriGym,8.0,
Bench Rotational Crunch,no_match,,,,,
Cable Judo Flip,matched,https://youtu.be/5o3iz6luocc,آموزش حرکت بدنسازی جودو کابل ناگهانی Cable Judo Flip,tamrino,26.0,
One-Arm Wall Stretch,matched,https://youtu.be/ncGj3Tb-q50,One arm Biceps stretch against wall ,Bayamshala by Koushik Balial ,7.0,
Dumbbell Seated Side Bend,matched,https://youtu.be/4wInzok8pzs,Dumbbell seated side bend,Max Hopes,11.0,
Kettlebell Advanced Windmill,matched,https://youtu.be/MD6vOuRVmek,Advanced Kettlebell Windmill: Exercise Demo How-to,FitSW Fitness Software,23.0,
Dumbbell Single-Leg Bench Squat,matched,https://youtu.be/rLu9P_Y5zh8,Dumbbell Single Leg Squat on Bench,Nadena Health and Fitness App,17.0,
Smith Machine Bench Press (Reverse Grip),matched,https://youtu.be/O5viuEPDXKY,Smith Machine Bench Press,Renaissance Periodization,12.0,same video used for several exercises
Single-Leg Donkey Calf Raise,matched,https://youtu.be/rtf77DFd_y4,Single Leg Donkey Calf Raises,FIT | STRENGTH Performance,13.0,
Stability Ball Push-Up,matched,https://youtu.be/aHoW8mgso1c,Pushup w/ Exercise Ball Toe Tuck,DietHealth,25.0,
Hack Single-Leg Calf Raise,matched,https://youtu.be/vHCIajYoybs,Hack Squat Single-Leg Calf Raise,The Setup - Golf Performance by Tiffany,26.0,
Kettlebell Floor Press,matched,https://youtu.be/pNgpSubqYMQ,Kettlebell Floor Press,Atomic Athlete,12.0,
Cable Upright Row (Supine),matched,https://youtu.be/WNz7O59GORA,How To Do Cable Upright Rows,PureGym,16.0,same video used for several exercises
Medicine Ball Chest Throw (Supine),matched,https://youtu.be/JsNoWqT9tJs,Medicine Ball Chest Throw,Hockey Training Exercise Demonstrations,8.0,
Single-Leg Butt Kick,matched,https://youtu.be/TRUQ7Ybm9ss,Single Leg Butt Kick,Richard Schneider,20.0,
Knee Across the Body,no_match,,,,,
Heel Walking,matched,https://youtu.be/whc0aDLddVU,Walking on Heels - Ask Doctor Jo,AskDoctorJo,28.0,
Weight Plate One-Arm Shrug,no_match,,,,,
Kettlebell Hang Clean,matched,https://youtu.be/VFEUBwVxq1Q,Dual Kettlebell Hang Clean and Jerk,Functional Bodybuilding,15.0,
Stability Ball Bridge,matched,https://youtu.be/8Ta_A9vAEGs,Stability Ball Glute Bridge,Theory of Motion Exercise Library,15.0,
Depth Box Jumps,matched,https://youtu.be/Pppxa0EjM-w,Depth Box Jump,The Active Life,19.0,
Spiderman Lunge,matched,https://youtu.be/Ykw-0jP3BSY,Spiderman lunge,W10 Personal Training Gym,25.0,
Smith Machine Zercher Squat,matched,https://youtu.be/Vns5jisytn8,"0658 | ""Zercher Hold"" Squat w/ Smith Machine","Beginner´s Guide for Sports, Fitness & Athletics",21.0,
Cable Lying Crunch,matched,https://youtu.be/c8kkmzxs1ek,Cable Lying Crunch Stability Ball: Exercise Demo How-to,FitSW Fitness Software,13.0,
Cable Decline Pullover,matched,https://youtu.be/xxH29yHmAuM,Decline cable pullover,pkx2mak,11.0,
Box Side to Side Shuffle,matched,https://youtu.be/ebhRbdT25ko,Side to Side Box Shuffle: Plyometric Exercise Demo How-to,FitSW Fitness Software,18.0,
Dumbbell Bicep Curl With Stork Stance,matched,https://youtu.be/XYTTL9I7M9I,Stork Stance Bicep Curl,Eternal Fitness,13.0,
Kneeling Back Stretch,matched,https://youtu.be/mzPvzMivukw,Back Exercises to Strengthen and Stretch (Half-Kneeling Hip Flexor Stretch) | HSS,Hospital for Special Surgery,24.0,
Dumbbell One-Arm Press (Palms In),no_match,,,,,
Leg Slide,matched,https://youtu.be/buQ_DN6vW1k,Leg Flexion - Heel Slides,Emory Healthcare,19.0,same video used for several exercises
Side-Lying Hip Flexor,no_match,,,,,
Single-Leg Wall Squat,matched,https://youtu.be/N17efE2lbmA,Single Leg Squat - Wall Ball,Gray Duck Physical Therapy PLLC,17.0,
Locust Pose,matched,https://youtu.be/sUnLh9xTrmA,Locust Pose Exercise,Dr. Vanessa McKnight-Whitford,24.0,
Sun Salutation,no_match,,,,,
Barbell Incline Row (Reverse Grip),matched,https://youtu.be/2cGfXlLaJT0,Incline Bent Over Barbell Row,FITTR,17.0,
Dumbbell Pronation (Side-Lying),matched,https://youtu.be/Ttym0nIar5o,"Dumbbell Lying Pronation: Wrists, Forearm Exercise Demo How-to",FitSW Fitness Software,13.0,
Straight Leg Sit-Up,matched,https://youtu.be/ejymrsRduow,Straight Leg Sit Ups,Reload Physical Therapy and Fitness,17.0,
Stability Ball Oblique Curl,matched,https://youtu.be/PQNLrwW4qMY,Oblique Curl Up with Stability Ball,Four Sides London,19.0,
Barbell Jefferson Squat,matched,https://youtu.be/SSGlPIZQ8ns,Barbell- Jefferson Split Squats,Relentless Athletics,23.0,
Dumbbell One-Arm Pullover (Stability Ball),no_match,,,,,
Stability Ball Incline Ab Crunch,no_match,,,,,
Burpee Box Jump Overs,matched,https://youtu.be/epcNK0n8R6w,How to | Burpee Box Jump Over,Mayhem Athlete,19.0,
Stability Ball Weighted Wall Squat,no_match,,,,,
Dumbbell Seated Alternating Reverse Fly,matched,https://youtu.be/bG2PQEYgD7A,Dumbbell bent over seated reverse fly alternating,Gudgie,10.0,
Bench Jackknife Sit-Up,no_match,,,,,
Bow Pose,matched,https://youtu.be/O8bgSmN_r0Y,Half Bow Pose,Nexoft Fitness,13.0,
Barbell Neck Press,matched,https://youtu.be/hYF_0U0N-uQ,Barbell Neck Press,Club Connect,19.0,
Smith Machine One-Arm Row,matched,https://youtu.be/w6ua5fqNws0,How to: Smith Machine One Arm Row,Rachel Scheer,23.0,
Medicine Ball Catch and Throw,matched,https://youtu.be/lgq68DmjIuE,Wolf Brigade- Medicine ball throw/ catch,Wolf Brigade,20.0,
Side Hop-Sprint,matched,https://youtu.be/xyNyl04a_DA,Side Hop to Sprint - Rehab 2 Perform,Rehab 2 Perform,6.0,
Cable High Curl (Supine),matched,https://youtu.be/xaMJYDzqTZg,High Cable Biceps Curl,High Performance Muscle,14.0,
EZ Bar Decline Tricep Extension,matched,https://youtu.be/kFRp7NnM9ZM,EZ Bar Decline Triceps Extension,Ascend Performance Coaching,12.0,
Barbell Alternating Front and Back Press,matched,https://youtu.be/hhF0-q6Nuv8,SHOULDERS Barbell Alternating Front Back Press,Fit Gent,26.0,
Lateral Box Jump Overs,matched,https://youtu.be/sugmNPK5Pw4,Lateral Box Jump Over,Wodstar,29.0,
Barbell Front Raise Pullover,matched,https://youtu.be/X_eGLtiWZSs,Barbell Front Raise And Pullover,My PT Hub,22.0,
Barbell Alternating Press,matched,https://youtu.be/4HKq7JrwjtQ,Barbell Alternating Shoulder Press,Kelvin Franklin,12.0,
Medicine Ball Two-Arm Overhead Throw,matched,https://youtu.be/uPqAd82GUfY,Supine Two Arm Overhead Throw,Tyler Koronich,14.0,
Dumbbell Seated Bent-Over One-Arm Tricep Extension,matched,https://youtu.be/3CeF8XoRfOQ,Seated Bent Over Two Arm Dumbbell Triceps Extension  Exercise Videos & Guides  Bodybuilding com,how to lose weight with the keto diet,21.0,
Dumbbell One-Arm Bent-Over Reverse Fly,no_match,,,,,
Cable Rotational Crunch (Supine),matched,https://youtu.be/fbCPab_WzNU,rotational crunch,Pat Tingle,23.0,same video used for several exercises
Stability Ball Medicine Ball Sit-Up,matched,https://youtu.be/SInc6YXxrj4,How to do a sit up on a Swiss ball,Rehab My Patient,22.0,
Decline Bench Cable Crunch,matched,https://youtu.be/CJU43mjfsjo,Decline Bench Cable Crunch,Master madhav,17.0,
Knee Tuck Jump,matched,https://youtu.be/ArZXCfbjxWs,Exercise Library: Jump Knee-Tucks,DAREBEE,14.0,
Dumbbell One-Arm Row (Reverse Grip),matched,https://youtu.be/tDgQx0W1JP0,One arm dumbbell row (without bench),lepfitness n.s.,20.0,same video used for several exercises
Smith Machine Decline Bench Press (Close Grip),matched,https://youtu.be/jduXuDxKwn4,Decline Smith Machine Bench Press,Snap Fitness 24/7,17.0,same video used for several exercises
Roll Down,matched,https://youtu.be/fWk5OoUBXuY,What do you know about rolling down in the deep #Shorts,justReyko,22.0,
Dumbbell Incline One-Arm Press,matched,https://youtu.be/631PCvXjU0Q,Bach Performance: One arm incline dumbbell Press,Eric Bach,28.0,same video used for several exercises
Stability Ball Weight Plate Pullover,matched,https://youtu.be/4Bsl7m2hH_g,Weight Plate Pullover Crunch off Fit Ball,ilovefitnessDOTCOM,18.0,
Standing Pelvic Tilt,matched,https://youtu.be/eT2qo-Ut4vI,Standing Pelvic Tilts,E3 Rehab Exercise Library,13.0,
Barbell Shoulder Pull (Prone),no_match,,,,,
Broad Jump to Box Jump,matched,https://youtu.be/gM7W9G1pfuM,Broad Jump + Box Jump Plyometric Exercise,PLAE,5.0,
Dumbbell One-Arm Wrist Curl Over Bench (Neutral),no_match,,,,,
Reach and Catch,no_match,,,,,
Kettlebell Seated Press,matched,https://youtu.be/vSjthx8vHNs,Seated Kettlebell Press,Marcus Filly,11.0,
Towel Tricep Extension,matched,https://youtu.be/aGSZeF6e1fM,Towel tricep extensions,Jer “DrackFit” Drackett,25.0,
Barbell Speed Squat,matched,https://youtu.be/e4D04gu-wV8,"Barbell Pin Split Squats, Speed Focused",FIT | STRENGTH Performance,7.0,
Dumbbell One-Arm Arnold Press,no_match,,,,,
Dumbbell Supination (Side-Lying),matched,https://youtu.be/nO2m-WUNn3w,Wrist Pronation/Supination Dumbbell,Peak Physio,29.0,
Cable Rope Pull-Up,matched,https://youtu.be/4t8qTBKjhIg,Rope Pull Ups,Pamela Gagnon - Gymnastics Skills & Drills ,14.0,
Crow Pose,matched,https://youtu.be/JHYVvhWqNzE,Crow pose - Parallettes,The Masters of Strength,14.0,
Alternating Reverse Hyper (Flat Bench),matched,https://youtu.be/tZfgEpqzew4,Alternating Reverse Hyper,Sports Performance - Santa Clara University,13.0,
Weighted Three Bench Dip,no_match,,,,,
Stability Ball Cable Fly,matched,https://youtu.be/Dm380qf84UI,Stability Ball Cable Fly,CoryStones,10.0,
Reverse Lunge with Rotation,matched,https://youtu.be/8ICBzB5chJk,NAVY FITNESS - REVERSE LUNGE with ROTATION,U.S. Forces Fitness,18.0,
Barbell Decline Bench Press (Reverse Grip),matched,https://youtu.be/IqXtJnai1ik,Decline Barbell Bench Press | GI Exercise Guide,Generation Iron Fitness & Bodybuilding Network,25.0,
Cable Low Tricep Extension (Supine),matched,https://youtu.be/14FLeQKDGj8,Low Cable Tricep Extension,My PT Hub,15.0,
Incline Push-Up Depth Jump,matched,https://youtu.be/x3UvaySw0ys,"Incline Push-Up Depth Jump: Chest, Pec Exercise Demo How-to",FitSW Fitness Software,14.0,
Dumbbell One-Arm Reverse Fly,matched,https://youtu.be/0fLO2VeCWDc,One-arm reverse dumbbell fly,FİTRİTİM,21.0,
Stability Ball Chest Stretch,matched,https://youtu.be/qgBno5x5ISI,Flexibility - Chest Stretch with a Stability Ball,iexerciseOfficial,27.0,
Cable Knee Raise (Supine),matched,https://youtu.be/QKSrYQ5XoN8,Cable knee raises,Michael Butts,12.0,
Cable One-Arm Fly (Stability Ball),no_match,,,,,
Soleus and Achilles Stretch,no_match,,,,,
Dumbbell Incline One Arm Hammer Press,matched,https://youtu.be/97aWJVHvyqE,One-arm Incline Dumbbell Press,ATHLETE PERFORMANCE - U48 ,11.0,
Stability Ball Tricep Extension,matched,https://youtu.be/QBNEX4ZYIPQ,Stability Ball Tricep Rolling Extensions,Adam Jones,18.0,
Dumbbell One-Arm Lateral Raise (Prone),matched,https://youtu.be/hTPKulH6bqA,One-Arm Lateral Raise Drop Set,Testosterone Nation,24.0,
Cross-Legged Forward Fold,matched,https://youtu.be/Gz4IOdzgFUY,Cross Legged Forward Fold,Pregnant Belly Fitness,25.0,
Stability Ball V-Up,matched,https://youtu.be/dk4GdbhlJj8,Stability Ball V up Pass,Solid Rock Personal Training,10.0,
Table Pose,no_match,,,,,
Bench Calf Stretch,matched,https://youtu.be/Hp4chJUBubo,Bench Calf Stretch,Performance Personal Training,18.0,
Single-Leg Reverse Hyper (Flat Bench),matched,https://youtu.be/4S7X6NhUudA,Single Leg Reverse Hyper,OPEX Fitness,11.0,
Cable Rope Tricep Extension (Supine),matched,https://youtu.be/fi6D5OHwf14,Cable Tricep Extension - Long Rope/Daisy Chain,The Better Body Collective,16.0,
Barbell Round the World Shoulder Stretch,matched,https://youtu.be/FKatrG7vBTs,Barbell Round The World Shoulder Stretch,Muscle Master,11.0,
Dumbbell Preacher Curl (Stability Ball),matched,https://youtu.be/wIjvMreCQzE,Dumbbell Preacher Curl,FITASTIC,11.0,
Stability Ball Back Stretch,no_match,,,,,
Smith Machine Incline Shoulder Raise,no_match,,,,,
Barbell Snatch Pull,matched,https://youtu.be/FTudxq7VozI,Strict Snatch Pulls from Hips (empty barbell),Weightlifting 101,13.0,
Dumbbell Alternating Reverse Fly,matched,https://youtu.be/rT35N_SbD6I,Dumbbell Alternating Reverse Fly | Exercise Demo | Coaching Software | QuickCoach,QuickCoach,16.0,
Dumbbell Seated One-Arm Arnold Press,matched,https://youtu.be/-7KHsjYUATg,Seated One Arm Arnold Press,Kristian Leach,27.0,
Barbell Jerk,matched,https://youtu.be/tuaqqBZzLsk,Rich Froning | Power Clean and Jerk with a Barbell,Mayhem Athlete,19.0,same video used for several exercises
Dumbbell Incline Press on Stability Ball,matched,https://youtu.be/NzrT4O84DEE,Stability Ball Dumbbell Incline Chest Press,Flip Fitness,21.0,
Barbell High Front Raise,no_match,,,,,
Seated Glute Stretch,matched,https://youtu.be/FcHu8mjKVV4,Exercise Tips:  Seated Glute Stretch,Sears,21.0,
Side-Lying Quadricep Stretch,matched,https://youtu.be/lJvjLzJKjb0,Sidelying Quadriceps Stretch,OrthoIndy,24.0,
Dumbbell One-Arm French Press (Stability Ball),no_match,,,,,
Walking Inchworm Push-Up,no_match,,,,,
Dumbbell Incline One-Arm Fly,matched,https://youtu.be/bSj6TBAcOYQ,Incline dumbbell one arm chest fly,makiriddington,16.0,
Drop Push-Up,matched,https://youtu.be/dySA9D9_Ls8,Exercise Index: Depth Drop Plyo Push Up,Austin Jochum,18.0,
Side Angle Pose With Rotation,matched,https://youtu.be/LbeKUDxlAGQ,#43. Yoga Intermediate - Revolved side angle pose with rotation to right leg,An Nhiên,23.0,
Barbell Hang Snatch,matched,https://youtu.be/z1j2QMBJF6c,Hang Power Snatch | CrossFit Invictus,CrossFit Invictus,16.0,
Lateral High Knee Skip,matched,https://youtu.be/utRKKKqautc,Lateral High Knee Skip,Andrew Corchis,6.0,
Kettlebell One-Arm Para Press,no_match,,,,,
Box Single-Leg Push-Off,matched,https://youtu.be/Whn9dcfDmsY,Box Push Off- Single Leg,Mathew Kite,12.0,
Stability Ball Lat Stretch,matched,https://youtu.be/yJUsl0GD6y8,Stability Ball Lat Stretch (CORRECT FORM) myFIT Personal Training.mp4,myFIT Personal Training,28.0,
Dumbbell Bicep Curl (Supine Wide Grip),matched,https://youtu.be/sJqVk1EiIyQ,Dumbbell Bicep Curl - Female,Michael Z,16.0,
Medicine Ball Decline Two-Arm Overhead Throw,no_match,,,,,
Band Quad Stretch,matched,https://youtu.be/Y1GyF8tme7s,band quad stretch,Strongher Programming,19.0,
Dumbbell One-Arm Decline Chest Press,matched,https://youtu.be/KxWKgJNKOEo,Decline bench press one exercise short video for beginners #chestworkout #gym #kailashworkouttips,kailash workout tips,25.0,
Decline Bench Alternating Leg Raise,matched,https://youtu.be/aJHGm_E4as4,Alternating leg raises on flat bench - Elevación alterna de piernas en banco plano,sportizeme,14.0,
Box Jump with Single-Leg Stabilization,matched,https://youtu.be/S1PkoDxVYe8,Balance - Multiplanar Single Leg Box Jumps With Stabilization,Breakthrough Fitness,16.0,
Barbell One-Arm Side Deadlift,matched,https://youtu.be/LVckAinjmN4,One Arm Side Deadlift   Exercise Videos & Guides   Bodybuilding com,how to lose weight with the keto diet,21.0,
Barbell Squat to Upright Row,no_match,,,,,
Barbell Reverse Grip Tricep Extension,matched,https://youtu.be/tWLL1GOqmw8,Reverse Grip Tricep Extension,Lindsey Heineken,17.0,
Dumbbell One-Arm Reverse Preacher Curl,matched,https://youtu.be/raQdaeq5V8o,Dumbbell One Arm Reverse Preacher Curl - Proper Form & Technique [4K],Steev,7.0,
Three Bench Dip,no_match,,,,,
Smith Machine Reverse Bench Press (Close Grip),matched,https://youtu.be/QIuVFYcjePU,TRÍCEPS SUPINO SMITH  INVERTIDO - REVERSE GRIP SMITH MACHINE BENCH PRESS,Overall Team,23.0,
Dumbbell Seated Alternating Bicep Curl (Stability Ball),matched,https://youtu.be/kLncYxu2XjE,Seated Alternating Dumbbell Bicep Curl,OracleFitness,18.0,
Barbell Rack Delivery,no_match,,,,,
Rocky Pull-Up,matched,https://youtu.be/YMD-Qs40qrE,"Rocky Pull-Ups: Lats, Back Exercise Demo How-to",FitSW Fitness Software,10.0,
Stability Ball Calf Raise,matched,https://youtu.be/O0KCU_sITXU,Stability Ball Calf Raise,Fredericksburg Fitness Studio,28.0,
Side Wrist Pull,matched,https://youtu.be/dMp8iwdlVOM,Side Wrist Pull Shoulder Stretch: Stretch Exercise Demo How-to,FitSW Fitness Software,9.0,
Standing Opposition Reach,no_match,,,,,
Cable Shrug (Supine),matched,https://youtu.be/Izby2cPLiK0,"Cable Shrug — Form, Muscles Worked & Sets/Reps | Libo",Libo World - Training Club ,24.0,
One-Knee to Chest (Supine),no_match,,,,,
Assisted Chest Stretch,no_match,,,,,
Double Leg Hundreds,matched,https://youtu.be/5S8FagtrG0g,Pilates Hundred   Double Leg,Mobility Health Melbourne,15.0,
Trap Bar Lunges,matched,https://youtu.be/LnwnYW0H0wI,Trap Bar Lunge - Trainifier Exercise Library,Trainifier,21.0,
Stability Ball Plank with Hip Abduction,matched,https://youtu.be/Ktzsu87v8kM,Dual Stability Ball Plank w/ Hip Abduction,FX Studios,28.0,
Dumbbell One-Arm Hammer Shoulder Press,no_match,,,,,
Low Back Chair Stretch,no_match,,,,,
Rolling,matched,https://youtu.be/clTHavpjZ8U,Foot exercise - ball rolling - Plantar Fasciitis,www.sportsinjuryclinic.net,11.0,
Depth Jumps,matched,https://youtu.be/DxzbXy0lC6Y,How To Depth Jumps,Third Space London,6.0,
Leg Slide (Supine),matched,https://youtu.be/buQ_DN6vW1k,Leg Flexion - Heel Slides,Emory Healthcare,19.0,same video used for several exercises
Deadlift to Bicep Curl,matched,https://youtu.be/bmxfNAgmyS0,Deadlift to barbell bicep curl,Gudgie,17.0,
Dumbbell Bicep Curl Step-Up,matched,https://youtu.be/4dRMCRD0OSM,"Dumbbell Step Ups with Bicep Curl: Full Body Exercise-Legs, Arms, Core, Butt",shuichitakefitness,23.0,
Band Sit-Up,matched,https://youtu.be/xdujB1xAXI8,How To Do: Resistance Band Situp - Flat Bench | Ab Workout Exercise,Fitway - Workout Trainer,29.0,
Walking Quadricep Stretch,matched,https://youtu.be/0-b62YdtSjE,Walking Quadricep Stretch,Trainer Jake Trainer Brandon,12.0,
Dumbbell Reverse Preacher Curl,matched,https://youtu.be/a-_p33mGtsQ,Dumbbell Reverse Grip Preacher Curl,OPEX Fitness,14.0,
Dumbbell Seated One-Arm Front Raise,matched,https://youtu.be/Mpy6OvL2uHc,Dumbbell Seated One Arm Front Raise,Unleashed Fitness,10.0,
Barbell 1/4 Squat,matched,https://youtu.be/F8jRZzJqZFA,Activ8 | Barbell 1/4 Squat,Activ8,11.0,
Cable One-Arm Preacher Curl (Reverse),matched,https://youtu.be/DUxji6eWTVg,How to Fitness Series: How to do Cable One Arm Preacher Curls | Refine YOU,Refine YOU,16.0,same video used for several exercises
Barbell Spider Curl (Prone),matched,https://youtu.be/sUtHJDcxIyM,How To Do Barbell Spider Curls | OMSfitness,OMSfitness,13.0,
Bench Leg and Hip Stretch,matched,https://youtu.be/rFgyY7gCrVY,Quad Hip Flexor Stretch wih Back Leg Up on Bench,Ignite Athletic Conditioning,16.0,
Stability Ball Dip,matched,https://youtu.be/37pXhmr31Zk,Pure Body Fitness Stability Ball Tricep Dip,PureBodyFitness,26.0,
Stability Ball Hip Rotation,no_match,,,,,
Barbell Kneeling Jump Squat,matched,https://youtu.be/y5o-Udnv0Zc,Barbell Kneeling Jump Squat to Jump,Garage Fitness Girl Exercise Library,20.0,
Kettlebell Alternating Press,matched,https://youtu.be/yVms3AwiV_4,Kettlebell Exercises: Alternating Kettlebell Press,Joe Meglio,12.0,
Band Seated Calf Stretch,matched,https://youtu.be/GRyaIANEqLE,Strength Bands: Seated Calf Stretch,The Rehab Mechanics,27.0,
Hero Pose,matched,https://youtu.be/ELoeZy3Y_Mg,😎 Hero Mode ON… SRK Pose Ready! 😂 | Group Ka Reaction Dekho 🤯 | @kkvlogbook #shorts,KK Vlogbook,18.0,
Dumbbell Alternating Press (Palms In),matched,https://youtu.be/wOa4YyxyiKI,How to do a Alternating Dumbbell Bench Press,National Academy of Sports Medicine (NASM),21.0,same video used for several exercises
Camel Pose,matched,https://youtu.be/s3MuJ9ARPJg,Cat-Camel & Childs pose,8 Flags Chiropractic,25.0,
Kettlebell Snatch,matched,https://youtu.be/2hvoXAXaqQo,Ksenia Dedyukhina slow motion kettlebell snatch technique,kettlebellsport,24.0,
Stability Ball Balance,no_match,,,,,
Dumbbell Incline Hammer Press (Stability Ball),matched,https://youtu.be/PeBZA6wwRzs,Incline Dumbbell Hammer Press,Dylan Harris,26.0,
Downward Facing Puppy Dog,no_match,,,,,
Dumbbell One-Arm Front Raise (Seated),matched,https://youtu.be/5kDlVBvbip0,Dumbbell One Arm Front Raise - Proper Form & Technique [4K],Steev,6.0,
Weighted Box Jump,matched,https://youtu.be/1d1fisbggOU,DeFranco's Training - Guandango weighted 50 inch Box Jump,joedefranco,14.0,
Single-Leg Stride Jump,matched,https://youtu.be/FPL7RKZuvEE,Single Leg Stride Jumps,Dumbbell Database,16.0,
Alternating Diagonal Leg Bound,matched,https://youtu.be/78DL10B002E,Alternating Leg Diagonal Bound,Ingrid Romero,5.0,
Dumbbell Reverse Spider Curl,matched,https://youtu.be/yejDq7RzEXU,Dumbbell Reverse Spider Curl / Exercise Library 365F4A,365FIT4ALL,26.0,
Gorilla Chin-Up with Crunch,no_match,,,,,
Seated Trunk Rotation,no_match,,,,,
Dumbbell One-Arm Bicep Curl (Prone),no_match,,,,,
Stability Ball Weighted Hyperextension,matched,https://youtu.be/r3e07nBGtzU,"Back, Weighted Ball Hyperextension, Natural Fitness Data",Natural Fitness,10.0,
Barbell Decline Bench Lunge,matched,https://youtu.be/IQcz2l8fPOo,EQUIPMENT-NO COMBINED 640 Barbell Decline Bench Lunge,online PT,21.0,
Kettlebell Bent Press,matched,https://youtu.be/VhuD6n04x4E,"RSAS: Kettlebell Bent Press, 56 kg @68 kg Bodyweight  | StrongFirst Czechia",StrongFirst.cz,28.0,
Seated Wide Angle Pose,no_match,,,,,
Kettlebell Open Palm Clean,matched,https://youtu.be/OqO3-J0nwaU,Kettlebell Open Palm Clean,Peter Forneck,19.0,
Dumbbell Lateral Raise (Stability Ball),matched,https://youtu.be/XPPfnSEATJA,How to do a Dumbbell Lateral Raise,National Academy of Sports Medicine (NASM),19.0,same video used for several exercises
Smith Machine Wrist Curl,matched,https://youtu.be/f6T8dKEjxM8,How To Do: Smith Wrist Curl | Arm Workout Exercise,Fitway - Workout Trainer,25.0,
Barbell Seated Front Raise,matched,https://youtu.be/XXl7NF9rvAw,Seated Plate Front Raises,"Ryan Smith | Faith, Family & Fitness",13.0,
Kettlebell Jerk,matched,https://youtu.be/9NFkYaviXgk,How to do a Kettlebell Jerk,National Academy of Sports Medicine (NASM),29.0,
Dumbbell Rear Row (Stability Ball),matched,https://youtu.be/WiFxVCB50oo,Dumbbell Rear Delt Row,Inspire US,12.0,
Dumbbell Seated Shoulder Raise (Stability Ball),matched,https://youtu.be/pkzDyEgnopc,Seated Alternate Dumbbell Front Shoulder Raise,FITASTIC,15.0,
Stability Ball Weight Plate Side Bend,matched,https://youtu.be/-F81E6dQrBA,Plate Side Bends,My PT Hub,14.0,
Double Leg Stretch,matched,https://youtu.be/MJuwUG0_C_0,How to Do Double Leg Stretch | Health,Health,27.0,
Kneeling Side Bend,matched,https://youtu.be/L-GldySh3qE,Dynamic Half Kneeling Hip Flexor Stretch with Sidebend,E3 Rehab Exercise Library,18.0,
Warrior 2 Pose,no_match,,,,,
Stability Ball Roman Twist,no_match,,,,,
Medicine Ball Chest Pass,matched,https://youtu.be/ajgSJZ5Yros,How to do a Medicine Ball Chest Pass Exercise,Tara Garrison,20.0,
Stability Ball Jack Knife Push-Up,matched,https://youtu.be/Yp8Isoq49_A,Stability Ball Jackknife with push up,Keven Brown,22.0,
Barbell Hang Clean Below the Knees,matched,https://youtu.be/3Coq2baN7Vw,Barbell Hang Cleans (Below Knee),Kaizen Strength Method,19.0,
Medicine Ball One-Arm Push-Up,matched,https://youtu.be/SiNbpYFNk6M,Med Ball One Arm Push-up - StudioMiletto.com,Umberto Miletto,27.0,
Warrior Pose,matched,https://youtu.be/PwZVi-F86ms,Fun at yoga-Warrior pose starts even before the class begins! 🧘 😂,Dance and yoga by Geetika Bhandari,29.0,
Crescent Moon Pose,no_match,,,,,
Stability Ball Neck Flexion,matched,https://youtu.be/XvCWzf3pTrw,Stability ball press neck flexion,Jonathan Adsit,6.0,
Stability Ball Neck Extension,matched,https://youtu.be/06YpyxKi3Ho,Neck extension goof ball,Rehab My Patient,28.0,
Dumbbell One-Arm Press (Reverse Grip),no_match,,,,,
Medicine Ball Chest Push,matched,https://youtu.be/5bRjWYLX4IY,3 medicine Ball Push-Ups Chest Core Functional Exercise,AskTheTrainer.com,23.0,
Barbell Supine Reverse Extension,no_match,,,,,
Seated Box Jumps,matched,https://youtu.be/2-3gEPfQo7o,How to: Dynamic Seated Box Jumps,Core Blend Training,22.0,
Medicine Ball Throw (Stability Ball),matched,https://youtu.be/hO2tKuMMoFU,Medicine Ball Rotation Throw | Nuffield Health,Nuffield Health,24.0,same video used for several exercises
Stability Ball Side Crunch,matched,https://youtu.be/yje5wtHlhdo,Stability Ball Side Crunch,Testosterone Nation,10.0,
Stability Ball Head Tilt,no_match,,,,,
Bent Knee Side Angle Pose,no_match,,,,,
Dumbbell Bicep Curl on Dome,no_match,,,,,
Kneeling Warrior Lunge,no_match,,,,,
Dumbbell Lunge Tricep Extension,matched,https://youtu.be/CnWN15rJlmA,Dumbbell Lunge Tricep Extension,QikMood,11.0,
Cable Incline Fly (Stability Ball),matched,https://youtu.be/7SqnWtgrFZQ,Incline Cable Fly - OPEX Exercise Library,OPEX Fitness,13.0,same video used for several exercises
Inline Skating,matched,https://youtu.be/Q7WNjBLOlz0,Inline Skater || How To Play Power Push in Skating || Just a Short Video Clip || Shanto Skating,Shanto Skating,27.0,
Dumbbell Alternating Shoulder Press (Stability Ball),matched,https://youtu.be/7a2LlkBPsqU,Alternating Dumbbell Shoulder Press Demo,Steph Gaudreau - Fuel Your Strength,24.0,
Smith Machine Decline Bench Press (Reverse Grip),matched,https://youtu.be/jduXuDxKwn4,Decline Smith Machine Bench Press,Snap Fitness 24/7,17.0,same video used for several exercises
Downward Facing Dog Single-Leg,matched,https://youtu.be/30nR-JnpBQA,Single Leg Downward Dog,PeakForceAthletics,15.0,
Dumbbell Decline Press (Stability Ball),matched,https://youtu.be/4R_GwRhG0rY,How To Decline Dumbbell Press,PureGym,16.0,same video used for several exercises
Dumbbell Arnold Press (Stability Ball),matched,https://youtu.be/pQDrcNoDNVM,Dumbbell Arnold Press,Testosterone Nation,21.0,
Stability Ball Extended Arm Crunch,matched,https://youtu.be/j6IVXpyi9PI,"Stability ball Abdominal crunch,arms extended over chest with medicine ball",fonefitness1,15.0,
Dumbbell Alternating Reverse Fly (Prone),matched,https://youtu.be/FFxcDxY-taI,How to do a Dumbbell Alternating Overhand Grip Row and Reverse Fly,Get Strong with Emily,25.0,
Standing Half Moon,matched,https://youtu.be/tF9EvM5VZ_k,Standing Half Moon,jeff paluseo,26.0,
Upper Body Chair Stretch,no_match,,,,,
Z Pose,no_match,,,,,
Double-Leg Butt Kick,matched,https://youtu.be/LPjzb3hwWU4,"Double Leg Butt Kick: Quadriceps, Leg Exercise Demo How-to",FitSW Fitness Software,14.0,
Dumbbell Lunge with Bicep Curl Bowling Motion,no_match,,,,,
Dumbbell Tricep Kickback with Stork Stance,matched,https://youtu.be/0DlVcwdxMM4,EQUIPMENT-NO COMBINED 222 Dumbbell Triceps Kick back With Stork Stance,online PT,11.0,
Calf Stretch with Rope,matched,https://youtu.be/g0TLI5Uv4_s,Calf Stretch With Rope - Proper Form & Technique [4K],Steev,9.0,
Triangle Pose,no_match,,,,,
Eagle Pose,matched,https://youtu.be/Sq8o6BBi9uE,Eagle Pose Yoga Tutorial | Yoga for Balance with Heather Pugh,Yoga for Balance with Heather Pugh,17.0,
Decline Bench Alternating Knee Raise,matched,https://youtu.be/2_7jh_IczU8,(Abs) Decline Bench Alternate Knee Raise Ab Muscles Using These Exercises.,BuildMuscleStrength,19.0,
Mighty Pose,no_match,,,,,
Barbell Split Jump,matched,https://youtu.be/3c7LmiWblyg,Barbell Split Stance Squat Jump [Exercise Demonstration],Return To Perform,10.0,
Stability Ball Hamstring Contract Relax,no_match,,,,,
Stability Ball Hip Extension,matched,https://youtu.be/XRk2782aQlg,Hip Extension with Stability Ball,davidbrownfitness,25.0,
Dumbbell One-Arm Reverse Spider Curl,matched,https://youtu.be/hNv9-SXvbAE,Dumbell Spider Curl: Hammer Grip or Reverse Grip (1 or 2 arm),higherpowertraining,27.0,
Alternating Arm Cobra,matched,https://youtu.be/pDF7S14Qzas,Floor cobra alternating arm,Aaron Warner,14.0,
Stability Ball Wall Circles,matched,https://youtu.be/TgQixcfeRN0,Stability Ball WAll Circles,Peak Athletic Training,29.0,
Seated Hamstring and Calf Stretch,no_match,,,,,
Side-Lying Floor Stretch,matched,https://youtu.be/a7MTFHGGCtg,AOVALO side lying floor stretch fitness exercise workout animation,AOVALO,9.0,
Cable Decline One-Arm Press,matched,https://youtu.be/KqtW-L4S-Qg,Cable Decline One Arm Chest Press,Intrinsic Resistance Training,18.0,same video used for several exercises
Warrior 3 Pose,no_match,,,,,
Box Jump Tap Overs,matched,https://youtu.be/1XMIw3y-Kec,Box Toe Tap Jumps (Weight Forward/Over the Box),Recreate Fitness,29.0,
Carioca,matched,https://youtu.be/AlE7OoyUFZ0,How to do Carioca Walk Running Drill? | OLYRUN,OLYRUN by Matea Matosevic,28.0,
Decline Bench Cable Knee Raise,matched,https://youtu.be/EqV3khokI0c,EQUIPMENT-NO COMBINED 558 Decline Bench Cable Knee Raise,online PT,21.0,
Stability Ball Roll Down,no_match,,,,,
Dumbbell Decline One-Arm Fly,no_match,,,,,
Stability Ball Full Body Plank,no_match,,,,,
Staff Pose,matched,https://youtu.be/mb8rhZuXOdk,Chaturanga Dandasana Yoga Posture | Four-Limbed Staff Pose,Yoga For Cure by Neha,27.0,
Bench Quad Stretch (Supine),matched,https://youtu.be/dAosGhvuD14,How to Do Bench Hip Flexor Stretch | Deep Hip Flexor & Quad Mobility Drill,Peak Functional,29.0,
Stability Ball Wood Chop,matched,https://youtu.be/K-YnY2tDYi8,Stability Ball High Low Woodchop,WMF Training,23.0,
Dumbbell Alternating Hammer Curl (Stability Ball),matched,https://youtu.be/C5EncMSKDoY,How to do Alternating Hammer Curls I Sexyfit Coaching,sexyfit method,25.0,
Stability Ball Low Back Stretch,no_match,,,,,
Dumbbell Alternating Row (Stability Ball),matched,https://youtu.be/Ja0oRNsF62o,Alternating Dumbbell Gorilla Row,E3 Rehab Exercise Library,13.0,
Dumbbell Kneeling Lateral Raise (Stability Ball),matched,https://youtu.be/xe0AF9xau74,Shoulder Exercise - Kneeling Rear Dumbbell Lateral Raise Exercise Video,WarGym Tanda,7.0,
Stability Ball Hamstring Stretch,matched,https://youtu.be/Ge53WwV4eg0,Exercise Tips:  Balance Ball Hamstrings Stretch,Sears,19.0,
Dumbbell Alternating Posterior Fly (Stability Ball),no_match,,,,,
Revolved Abdomen Pose,no_match,,,,,
Passive Opening Twist,no_match,,,,,
Child's Pose (Stability Ball),matched,https://youtu.be/nMp3MlTz9fA,How to do a child's pose stretch,Medibank,22.0,same video used for several exercises
Stability Ball Dumbbell Kickback,matched,https://youtu.be/ycsjoFPxvwE,Triceps Kickback on Stability Ball,Training by Tatum | Menopause Muscle & Motion,28.0,
Straight Leg Walk,matched,https://youtu.be/eCdpaIvXmRw,Straight Leg Kicks/Frankenstein Walk,Wellness by Workplace Options ,9.0,
Dumbbell One-Arm Hammer Curl (Prone),matched,https://youtu.be/sbDv6hSmUQY,One Arm Dumbbell Hammer Curl,Kristian Leach,27.0,same video used for several exercises
Dumbbell Alternating Cobra (Stability Ball),matched,https://youtu.be/cnp_3N2k-NI,Alternating Cobra Box Step Up,Functional Bodybuilding,14.0,
Dumbbell One-Arm Shoulder Press (Stability Ball),no_match,,,,,
Dumbbell Hammer Curl on Stability Ball,matched,https://youtu.be/Z3Ep_1T4E0A,Stability Ball Split Squat with DB Hammer Curl,Michelle Roots Fitness & Nutrition Coach,21.0,
One-Arm Chin-Up,matched,https://youtu.be/WFRb_ql2au4,One Arm Chin-Up UNLOCKED #shorts,Jakob Ottesen,18.0,
Half Locust,matched,https://youtu.be/Tq9eqgSXKos,HALF-LOCUST POSE (SALABHASANA) - Yoga for Beginners,Anshu Verma (Yolig),16.0,
Stability Ball Back Extension with Hands Behind Head,matched,https://youtu.be/1Z97JF1PBIY,Stability Ball Back Extension With Hands Behind Head,Muscle Master,24.0,
Cable One-Arm Press (Stability Ball),matched,https://youtu.be/soBSSmLpefo,One-Arm Cable Shoulder Press,Testosterone Nation,8.0,
Stability Ball Single-Leg Hip Rotation,matched,https://youtu.be/6O7F8OztosY,Single Leg Hip Thrust w/ Aquabag Anti-Rotation,BELDING PERFORMANCE,11.0,
Cable One-Arm Incline Fly (Stability Ball),no_match,,,,,
Barbell Frankenstein Squat,matched,https://youtu.be/NEQG9Ffrux4,Barbell Frankenstein Squat,Shelby Young Fitness,15.0,
Stability Ball Stork Stance,matched,https://youtu.be/P5VvC8iy70s,Activ8 | Medicine Ball Stork Stance Chest Pass,Activ8,10.0,
Dumbbell One-Arm Bicep Curl on Stability Ball,no_match,,,,,
Dumbbell Incline Fly (Stability Ball),matched,https://youtu.be/JSDpq14vCZ8,How To Do An Incline Dumbbell Fly,PureGym,16.0,same video used for several exercises
Stability Ball Walking Lunge,matched,https://youtu.be/zIZiibiiuEE,DBall Bearhug Walking Lunge - OPEX Exercise Library,OPEX Fitness,12.0,
Fish Pose,matched,https://youtu.be/LPD5Rnggzx4,Puffer Fish Poses For Selfie | PositiveLife,PositiveLife,29.0,
Peroneal Stretch,no_match,,,,,
Warrior High Lunge,no_match,,,,,
Cable Incline Press (Stability Ball),matched,https://youtu.be/5pC1skpc7e0,Exercise Tutorial - Incline Chest Press (Cable),Unite Coaching,27.0,same video used for several exercises
Depth Jump Leap,no_match,,,,,
Cable Dual Overhead Curl (Stability Ball),no_match,,,,,
Stability Ball Single-Leg Crunch,matched,https://youtu.be/9ZLWXf44WSw,Single-leg Bicycle Crunch - 3 in 1 Elite,3 in 1 “3 in 1 Elite” Elite,16.0,
Hare Pose,matched,https://youtu.be/Yp7cT9Nwclc,A young girl practicing shashankasana / the hare pose yoga asa... | Indian Stock Footage | Knot9,Knot9 (Indian Stock Footage),28.0,
Medicine Ball One-Arm Overhead Throw,no_match,,,,,
Stability Ball Single-Leg Bridge,matched,https://youtu.be/wesbC-HUJWg,Stability Ball Single Leg Bridge,Ben Greenfield Life,13.0,
Dumbbell One-Arm Press (Stability Ball),no_match,,,,,
Dumbbell One-Arm Lateral Raise (Stability Ball),no_match,,,,,
Stability Ball Single-Leg Hamstring Stretch,no_match,,,,,
Band Shoulder Press (Stability Ball),matched,https://youtu.be/EgMft3uaLpc,Shoulder exercise - chest press with band,www.sportsinjuryclinic.net,25.0,
Stability Ball Hundreds,matched,https://youtu.be/9Lfmlt-fR40,Pilates Hundred with ball under ankles,Info Uptown Pilates,24.0,
Seated Overhead Stretch,matched,https://youtu.be/aJBEW7a4ADc,Seated Overhead Stretch,California Mobility,25.0,
Kneeling Jump to Box Jump,matched,https://youtu.be/M6pUm3gdViE,Exercise Index: Kneeling Jump to Box Jump,vrouse,18.0,
Barbell Seated High Front Raise,no_match,,,,,
Kettlebell Alternating Hang Clean,matched,https://youtu.be/F0gKY1eMK8M,Alternating Kettlebell Hang Clean,My PT Hub,15.0,
Stability Ball Hip Roll,matched,https://youtu.be/vxvTAU0f5qo,Hip Roll With Stability Ball Exercise,workoutz.com,24.0,
Upward Facing Bow Pose,no_match,,,,,
Dumbbell Decline One-Arm Hammer Press,matched,https://youtu.be/34OHyTwG10g,Dumbbell Decline One Arm Hammer Press - Proper Form & Technique [4K],Steev,6.0,
Reclining Big Toe Pose,matched,https://youtu.be/jbH15uri1eg,How to do Supta Padangushtasana (Reclining Hand-to-Big-Toe Pose): Deep Stretch | Yoguebook,Yoguebook,28.0,
Stability Ball Back Extension with Knees Off Ground,matched,https://youtu.be/D9zWVJl7dHI,Stability Ball Back Extension With Knees Off Ground,Muscle Master,18.0,
Kettlebell One-Arm Palm Clean,no_match,,,,,
Dumbbell Alternating Lateral Raise (Stability Ball),matched,https://youtu.be/84q9sQoxwYI,Dumbbell alternating Lateral Raise,FITTR,15.0,same video used for several exercises
Dumbbell One-Arm Single-Leg Bicep Curl on Stability Ball,matched,https://youtu.be/yl--j9pYBlo,Single Arm Single Leg Bicep Curl,RaiderFit,16.0,
Stability Ball Ab Curl,matched,https://youtu.be/BpIEgXBLiYs,Mafia Abs Curl on Swiss Ball w/ Cable,Muscle_MAfia,23.0,
Medicine Ball Bicep Curl on Stability Ball,matched,https://youtu.be/Mou-o45zJlo,Medicine Ball: Shoulders and Arms Exercises - Medicine Ball Bicep Curl,personalbestuk,10.0,
